timestamp,cpu_load_percent,cpu_load_process_percent,used_memory_mb
1747497081279,0.00,6.33,9398.98
1747497081843,8.89,0.69,9506.27
1747497082383,12.01,0.54,9512.73
1747497082936,9.56,0.35,9518.75
1747497083472,7.11,0.73,9515.82
1747497084008,10.07,0.37,9517.46
1747497084562,7.20,0.70,9514.39
1747497085097,8.80,0.37,9505.56
1747497085662,18.21,1.04,9499.70
1747497086218,10.71,1.05,9474.87
1747497086772,12.55,1.23,9474.48
1747497087309,13.43,0.36,9476.11
1747497087855,12.67,1.43,9477.05
1747497088399,10.88,0.36,9457.37
1747497088951,8.09,0.71,9472.86
1747497089496,14.30,0.72,9497.36
1747497090054,19.32,0.70,9550.14
1747497090617,21.14,0.87,9677.50
1747497091157,15.63,0.54,9465.45
1747497091725,12.72,1.56,9460.92
1747497092261,9.08,1.09,9467.32
1747497092800,9.26,0.36,9464.23
1747497093337,8.49,0.55,9463.04
1747497093876,14.95,0.18,9443.32
1747497094424,9.99,1.43,9442.66
1747497094990,20.74,1.04,9444.83
1747497095548,8.64,0.52,9444.29
1747497096092,9.88,0.72,9447.83
1747497096637,9.60,0.54,9450.82
1747497097175,9.02,0.36,9453.09
1747497097720,15.36,0.90,9431.43
1747497098280,13.38,0.70,9434.45
1747497098829,7.46,0.71,9433.63
1747497099386,6.51,0.70,9431.72
1747497099953,9.68,0.52,9432.64
1747497100487,6.96,0.36,9429.84
1747497101030,6.81,0.36,9431.13
1747497101585,14.45,0.71,9421.47
1747497102138,8.61,0.53,9427.54
1747497102685,9.47,0.53,9426.23
1747497103231,14.10,0.72,9434.09
1747497103770,15.81,0.36,9462.25
1747497104328,11.95,0.53,9471.18
1747497104867,12.30,0.54,9473.73
1747497105430,6.74,0.52,9471.66
1747497105985,7.84,0.35,9470.84
1747497106543,7.65,0.70,9470.41
1747497107080,11.06,3.08,9482.55
1747497107629,6.54,0.54,9461.51
1747497108172,19.71,1.08,9455.84
1747497108711,12.31,0.36,9460.45
1747497109242,9.72,0.37,9459.98
1747497109794,7.04,0.53,9458.57
1747497110341,7.86,0.54,9459.54
1747497110888,10.20,0.36,9447.90
1747497111458,8.64,0.69,9452.16
1747497111989,8.43,0.37,9451.43
1747497112520,6.78,0.55,9449.95
1747497113075,7.51,0.71,9478.46
1747497113610,8.54,0.54,9462.24
1747497114174,15.35,0.52,9474.30
1747497114730,17.93,1.06,9470.56
1747497115278,38.68,0.53,9547.98
1747497115832,38.10,0.53,9579.92
1747497116385,25.96,0.53,9618.20
1747497116953,14.88,0.51,9618.18
1747497117493,14.70,1.62,9626.64
1747497118056,8.08,0.69,9628.02
1747497118602,23.17,0.54,9633.08
1747497119152,25.11,0.53,9646.31
1747497119690,34.77,1.08,9664.68
1747497120280,23.98,0.83,9701.01
1747497120838,27.18,0.70,9735.44
1747497121417,22.39,0.67,9750.23
1747497121980,29.09,0.69,9766.71
1747497122532,25.14,0.53,9781.95
1747497123083,20.67,0.53,9795.03
1747497123638,33.05,0.53,9834.98
1747497124211,25.82,0.69,9837.25
1747497124770,29.62,0.87,9868.00
1747497125328,35.52,0.70,9908.85
1747497125880,36.91,0.70,9968.67
1747497126456,29.40,0.68,10004.89
1747497127016,36.37,0.52,10032.23
1747497127572,21.64,0.53,10043.82
1747497128133,26.36,0.52,10074.82
1747497128687,23.15,0.35,10197.55
1747497129250,22.38,0.52,10215.24
1747497129827,49.37,0.85,10233.62
1747497130391,48.88,0.69,10269.56
1747497130955,36.75,0.87,10302.39
1747497131520,35.63,0.69,10332.68
1747497132081,39.86,0.87,10354.67
1747497132636,22.93,0.70,10354.57
1747497133206,21.78,0.69,10310.90
1747497133777,24.17,0.51,10301.54
1747497134327,28.07,3.90,10340.20
1747497134881,16.50,0.53,10342.71
1747497135445,16.08,0.87,10343.27
1747497135986,16.51,0.72,10347.19
1747497136541,14.24,0.70,10332.30
1747497137087,16.12,0.36,10345.13
1747497137647,16.82,0.70,10351.61
1747497138203,20.86,0.35,10351.91
1747497138764,27.65,0.70,10363.47
1747497139302,12.86,0.36,10393.08
1747497139861,9.56,0.52,10390.90
1747497140436,8.50,0.51,10396.71
1747497140973,12.61,0.36,10397.46
1747497141520,10.89,0.54,10396.87
1747497142060,8.69,0.36,10392.29
1747497142611,7.55,0.36,10391.88
1747497143155,6.79,0.54,10397.83
1747497143692,8.43,0.36,10384.46
1747497144252,11.15,0.88,10394.39
1747497144789,6.10,0.36,10391.00
1747497145359,6.34,0.52,10393.77
1747497145901,8.29,0.36,10376.43
1747497146450,6.93,0.36,10375.77
1747497146988,8.29,0.36,10378.95
1747497147553,18.12,0.69,10377.39
1747497148106,13.05,0.53,10373.75
1747497148667,10.58,0.70,10365.48
1747497149226,8.66,0.52,10373.32
1747497149787,8.13,0.70,10368.95
1747497150324,21.40,0.36,10352.42
1747497150889,7.68,0.52,10390.58
1747497151447,8.95,0.53,10380.82
1747497152007,12.58,0.87,10388.73
1747497152548,8.82,0.54,10388.23
1747497153091,11.18,0.54,10388.01
1747497153640,8.41,0.36,10374.70
1747497154185,10.39,0.36,10383.89
1747497154751,7.71,0.52,10374.95
1747497155300,10.16,0.71,10351.59
1747497155859,12.05,0.70,10341.79
1747497156401,5.73,0.54,10338.69
1747497156947,12.69,0.36,10340.59
1747497157486,5.00,0.36,10338.87
1747497158016,9.60,0.18,10340.30
1747497158567,14.98,1.06,10336.50
1747497159106,15.84,0.54,10338.15
1747497159654,7.29,0.36,10336.59
1747497160220,6.88,0.52,10335.11
1747497160764,10.42,0.54,10335.80
1747497161307,7.23,0.72,10332.70
1747497161864,7.56,0.70,10329.14
1747497162432,7.60,0.69,10332.89
1747497162989,9.39,0.70,10334.72
1747497163542,5.38,0.53,10330.08
1747497164078,14.93,0.36,10334.48
1747497164619,13.80,0.72,10331.33
1747497165164,16.82,0.54,10334.74
1747497165711,10.30,0.54,10332.18
1747497166251,11.90,0.73,10333.16
1747497166798,7.67,0.54,10331.20
1747497167353,7.45,1.06,10334.32
1747497167910,8.14,0.70,10334.20
1747497168468,8.25,0.70,10328.94
1747497169017,8.59,0.36,10334.16
1747497169557,8.42,0.72,10332.94
1747497170094,4.92,0.18,10326.36
1747497170653,6.51,0.70,10324.58
1747497171188,19.30,0.36,10325.06
1747497171756,7.43,1.04,10320.86
1747497172293,7.86,0.54,10325.27
1747497172834,7.17,0.36,10324.88
1747497173394,8.32,0.70,10351.93
1747497173936,12.88,0.36,10354.42
1747497174480,7.16,0.36,10353.92
1747497175025,9.01,0.36,10355.39
1747497175574,14.28,0.36,10350.39
1747497176113,10.17,0.54,10399.13
1747497176673,8.45,0.35,10368.72
1747497177208,13.81,0.91,10330.79
1747497177774,6.85,0.52,10316.70
1747497178307,18.55,0.55,10300.51
1747497178847,12.31,0.54,10278.32
1747497179407,8.05,0.70,10269.16
1747497179952,8.40,0.36,10268.85
1747497180498,10.01,0.36,10262.23
1747497181069,8.33,0.69,10265.47
1747497181606,10.18,0.54,10253.61
1747497182153,9.73,0.36,10261.22
1747497182704,8.22,0.53,10259.73
1747497183256,6.44,0.88,10260.64
1747497183780,10.46,0.19,10261.66
1747497184321,7.87,0.36,10261.96
1747497184863,7.25,0.36,10260.00
1747497185413,7.60,0.53,10262.02
1747497185956,8.49,0.36,10260.00
1747497186509,9.13,0.53,10261.26
1747497187069,10.51,0.52,10255.03
1747497187616,8.90,0.36,10254.91
1747497188155,8.33,0.36,10253.82
1747497188716,5.73,0.70,10250.13
1747497189256,13.74,0.36,10269.13
1747497189800,10.94,0.36,10260.27
1747497190337,7.27,0.55,10263.70
1747497190905,7.61,0.52,10265.30
1747497191467,8.29,0.52,10264.36
1747497192019,10.27,0.71,10268.02
1747497192571,6.86,0.53,10255.24
1747497193125,9.50,0.35,10256.01
1747497193651,12.30,0.37,10252.94
1747497194182,16.01,0.37,10252.88
1747497194733,7.73,0.53,10249.30
1747497195292,6.88,0.70,10247.68
1747497195840,6.72,0.36,10240.00
1747497196384,7.09,0.36,10240.52
1747497196918,11.05,0.18,10239.25
1747497197448,15.73,0.37,10235.59
1747497197977,16.07,0.37,10232.55
1747497198510,6.92,0.37,10228.95
1747497199043,7.79,0.37,10228.64
1747497199609,9.39,0.52,10225.07
1747497200149,5.48,0.36,10226.69
1747497200698,6.95,0.54,10225.28
1747497201265,7.30,0.52,10226.77
1747497201807,10.17,0.36,10227.34
1747497202356,11.90,0.36,10225.82
1747497202906,4.39,0.36,10228.71
1747497203444,7.48,0.90,10227.81
1747497203979,10.45,0.18,10229.05
1747497204515,9.29,0.18,10223.67
1747497205058,10.08,0.36,10228.77
1747497205593,7.77,0.18,10228.62
1747497206158,12.98,0.69,10226.98
1747497206694,7.87,0.36,10226.91
1747497207239,7.78,0.54,10228.62
1747497207775,9.81,0.54,10227.67
1747497208331,7.22,0.53,10229.50
1747497208857,7.73,0.37,10224.49
1747497209389,8.31,0.18,10226.95
1747497209931,9.53,0.36,10232.41
1747497210487,11.76,0.71,10230.30
1747497211032,10.39,0.18,10232.02
1747497211572,15.03,0.54,10232.41
1747497212109,18.61,0.72,10233.88
1747497212655,6.96,0.36,10234.54
1747497213177,16.12,0.37,10234.28
1747497213718,10.75,0.36,10235.14
1747497214253,7.36,0.36,10233.98
1747497214790,7.41,0.36,10233.95
1747497215330,6.77,0.36,10233.91
1747497215872,6.93,0.36,10235.06
1747497216420,6.81,0.36,10233.35
1747497216966,14.52,0.36,10235.03
1747497217493,14.33,0.37,10234.58
1747497218025,14.46,0.37,10239.66
1747497218559,9.86,0.37,10234.83
1747497219101,9.05,0.36,10235.76
1747497219656,7.52,0.53,10233.45
1747497220201,8.15,0.72,10264.20
1747497220741,8.81,0.36,10261.20
1747497221274,7.90,0.55,10264.14
1747497221812,8.06,0.18,10265.63
1747497222355,10.83,0.54,10269.53
1747497222884,11.13,0.37,10268.96
1747497223449,6.20,0.52,10252.11
1747497223978,9.24,0.18,10259.95
1747497224540,7.42,0.52,10235.02
1747497225102,7.51,0.52,10233.23
1747497225633,18.52,0.18,10232.70
1747497226186,11.73,0.53,10256.25
1747497226731,9.71,0.36,10255.41
1747497227281,9.45,0.53,10257.24
1747497227824,8.97,0.72,10255.95
1747497228367,8.86,0.36,10233.55
1747497228895,7.22,0.37,10237.88
1747497229433,7.52,0.36,10237.45
1747497229970,9.80,0.36,10238.73
1747497230512,6.02,0.36,10237.06
1747497231073,9.42,0.52,10237.07
1747497231634,5.71,0.52,10235.79
1747497232190,7.40,0.53,10231.54
1747497232734,7.69,0.18,10232.64
1747497233273,6.53,0.36,10230.88
1747497233805,24.37,0.37,10232.41
1747497234352,10.68,0.54,10257.43
1747497234899,9.89,0.54,10259.08
1747497235434,8.77,0.36,10259.31
1747497235974,9.90,0.36,10260.48
1747497236520,4.71,0.36,10270.90
1747497237074,10.07,0.35,10269.83
1747497237616,17.15,0.72,10269.75
1747497238156,15.31,0.36,10252.69
1747497238698,18.44,0.54,10243.79
1747497239265,8.50,0.52,10243.60
1747497239806,13.53,0.54,10239.50
1747497240365,5.30,0.53,10245.17
1747497240921,9.00,0.35,10242.93
1747497241458,6.08,0.55,10242.51
1747497242000,8.24,0.18,10243.48
1747497242543,7.63,0.36,10239.44
1747497243084,16.22,0.72,10236.93
1747497243617,12.23,0.37,10240.75
1747497244163,12.30,0.54,10240.84
1747497244699,13.54,0.18,10239.05
1747497245254,13.56,0.71,10232.04
1747497245815,14.31,0.70,10231.93
1747497246366,11.37,0.53,10234.94
1747497246903,9.81,0.36,10238.59
1747497247448,7.01,0.36,10238.07
1747497247981,12.50,0.37,10238.73
1747497248523,6.27,0.36,10236.72
1747497249058,13.12,0.36,10234.21
1747497249617,13.31,0.53,10232.48
1747497250154,10.40,0.18,10235.48
1747497250685,6.93,0.18,10233.74
1747497251238,11.67,0.89,10232.78
1747497251776,12.81,0.54,10232.31
1747497252322,7.61,0.36,10234.35
1747497252862,7.48,0.54,10233.89
1747497253391,9.09,0.18,10232.79
1747497253927,7.99,0.55,10236.91
1747497254458,8.01,0.55,10237.04
1747497254988,6.55,0.37,10236.71
1747497255519,7.38,0.37,10236.32
1747497256060,7.11,0.36,10233.47
1747497256597,7.11,0.36,10225.39
1747497257138,10.33,0.18,10229.66
1747497257662,11.82,0.56,10228.73
1747497258199,10.71,0.36,10230.58
1747497258735,12.83,0.36,10227.59
1747497259277,21.51,0.54,10220.96
1747497259831,10.59,0.71,10223.56
1747497260388,6.99,0.53,10227.49
1747497260931,6.61,0.36,10225.39
1747497261486,7.46,0.35,10223.58
1747497262032,7.51,0.54,10225.73
1747497262563,7.21,0.55,10225.84
1747497263118,7.11,0.53,10225.32
1747497263647,13.37,0.37,10218.05
1747497264196,10.93,0.71,10223.42
1747497264722,7.87,0.37,10223.60
1747497265255,5.21,0.55,10221.39
1747497265804,7.12,0.54,10219.91
1747497266347,7.95,0.36,10209.65
1747497266892,8.77,0.36,10213.15
1747497267436,8.51,0.36,10210.28
1747497267982,11.59,0.36,10212.63
1747497268505,9.88,0.37,10209.65
1747497269061,8.32,0.53,10211.38
1747497269594,9.19,0.18,10199.88
1747497270134,11.96,0.54,10213.53
1747497270682,4.32,0.36,10211.97
1747497271235,7.15,0.53,10211.25
1747497271778,20.71,0.72,10211.48
1747497272302,10.25,0.56,10213.80
1747497272839,6.33,0.36,10213.08
1747497273395,9.64,0.70,10211.25
1747497273923,9.65,0.18,10216.15
1747497274467,7.02,0.54,10216.36
1747497275007,6.66,0.36,10216.48
1747497275568,9.75,0.52,10216.63
1747497276098,8.84,0.37,10215.78
1747497276637,5.06,0.18,10214.64
1747497277166,9.29,0.37,10216.71
1747497277698,6.32,0.18,10216.04
1747497278243,17.88,0.72,10217.54
1747497278787,8.95,0.54,10214.29
1747497279320,7.31,0.55,10216.61
1747497279860,9.06,0.36,10210.03
1747497280397,10.95,0.54,10217.96
1747497280959,6.57,0.52,10219.91
1747497281503,5.75,0.36,10215.86
1747497282067,11.19,0.52,10223.87
1747497282609,7.86,0.18,10224.06
1747497283158,15.80,0.36,10223.44
1747497283689,11.62,0.73,10216.43
1747497284227,10.17,0.36,10226.16
1747497284770,9.31,0.72,10223.25
1747497285301,6.91,0.37,10226.52
1747497285837,10.37,0.36,10225.48
1747497286368,7.46,0.37,10224.70
1747497286907,7.69,0.18,10235.44
1747497287440,4.94,0.55,10234.52
1747497287970,7.19,0.37,10235.74
1747497288532,14.77,0.87,10225.22
1747497289077,20.50,0.36,10228.11
1747497289622,11.95,0.36,10227.55
1747497290160,13.08,0.73,10224.28
1747497290710,10.21,0.71,10224.00
1747497291252,10.52,0.72,10225.01
1747497291806,5.85,0.53,10215.72
1747497292347,7.73,0.36,10223.41

latency_ms
8.158
0.100
0.130
0.070
0.065
0.064
0.110
0.082
0.101
0.110
0.099
0.144
0.138
0.081
0.078
0.070
0.069
0.069
0.071
0.073
0.068
0.079
0.072
0.066
0.065
0.065
0.066
0.083
0.129
0.163
0.103
0.071
0.080
0.067
0.065
0.064
0.064
0.068
0.089
0.147
0.094
0.095
0.089
0.135
0.111
0.092
0.067
0.068
0.065
0.075
0.081
0.074
0.065
0.068
0.065
0.075
0.068
0.064
0.093
0.079
0.069
0.103
0.069
0.066
0.083
0.070
0.064
0.065
0.071
0.064
0.132
0.118
0.077
0.067
0.070
0.081
0.068
0.069
0.072
0.064
0.071
0.063
0.118
0.076
0.064
0.062
0.061
0.060
0.060
0.093
0.064
0.060
0.059
0.060
0.072
0.061
0.071
0.056
0.052
0.050
0.050
0.050
0.050
0.050
0.049
0.062
0.053
0.078
0.100
0.063
0.065
0.060
0.069
0.060
0.064
0.055
0.080
0.071
0.086
0.104
0.098
0.084
0.126
0.085
0.106
0.241
0.122
0.167
0.133
0.086
0.197
0.098
0.080
0.064
0.063
0.058
0.057
0.056
0.054
0.054
0.054
0.053
0.055
0.092
0.160
0.105
0.104
0.155
0.092
0.120
0.124
0.102
0.104
0.106
0.097
0.128
0.108
0.104
0.118
0.138
0.162
0.185
0.114
0.082
0.128
0.140
0.080
0.098
0.089
0.086
0.082
0.087
0.085
0.087
0.086
0.197
0.119
0.075
0.066
0.071
0.067
0.088
0.110
0.115
0.123
0.104
0.091
0.111
0.107
0.154
0.095
0.070
0.059
0.070
0.074
0.077
0.076
0.062
0.104
0.114
0.132
0.111
0.118
0.089
0.063
0.069
0.065
0.076
0.126
0.116
0.105
0.153
0.090
0.070
0.084
0.054
0.063
0.066
0.053
0.054
0.058
0.102
0.095
0.107
0.101
0.096
0.105
0.066
0.083
0.060
0.089
0.070
0.075
0.055
0.062
0.075
0.070
0.067
0.087
0.059
0.068
0.060
0.059
0.052
0.067
0.055
0.051
0.048
0.080
0.072
0.074
0.063
0.058
0.063
0.051
0.048
0.046
0.048
0.046
0.052
0.046
0.052
0.065
0.070
0.079
0.064
0.067
0.076
0.062
0.069
0.058
0.059
0.053
0.055
0.056
0.051
0.054
0.145
0.061
0.061
0.051
0.053
0.054
0.050
0.065
0.054
0.057
0.066
0.061
0.052
0.048
0.072
0.050
0.045
0.064
0.052
0.101
0.059
0.046
0.045
0.051
0.044
0.059
0.053
0.045
0.047
0.059
0.046
0.045
0.044
0.043
0.042
0.064
0.050
0.050
0.047
0.048
0.051
0.052
0.093
0.061
0.047
0.048
0.058
0.056
0.050
0.050
0.088
0.088
0.052
0.046
0.044
0.048
0.046
0.046
0.053
0.061
0.045
0.046
0.046
0.046
0.042
0.044
0.043
0.042
0.044
0.045
0.043
0.048
0.043
0.042
0.041
0.056
0.046
0.045
0.041
0.044
0.045
0.045
0.046
0.043
0.062
0.043
0.045
0.043
0.046
0.044
0.051
0.069
0.057
0.142
0.077
0.069
0.079
0.107
0.156
0.086
0.076
0.088
0.094
0.170
0.131
0.107
0.127
0.085
0.065
0.070
0.060
0.080
0.082
0.057
0.044
0.047
0.048
0.045
0.065
0.054
0.044
0.056
0.045
0.048
0.048
0.050
0.059
0.060
0.059
0.048
0.049
0.042
0.041
0.039
0.039
0.043
0.039
0.044
0.041
0.056
0.066
0.084
0.062
0.040
0.038
0.041
0.039
0.043
0.041
0.041
0.041
0.041
0.042
0.041
0.054
0.055
0.043
0.041
0.041
0.042
0.042
0.040
0.054
0.065
0.041
0.041
0.038
0.053
0.042
0.044
0.041
0.041
0.039
0.037
0.040
0.038
0.037
0.035
0.039
0.039
0.041
0.040
0.041
0.039
0.038
0.040
0.039
0.038
0.059
0.041
0.038
0.036
0.039
0.040
0.040
0.037
0.038
0.038
0.042
0.038
0.038
0.039
0.038
0.037
0.036
0.039
0.037
0.038
0.037
0.036
0.038
0.043
0.038
0.037
0.038
0.035
0.047
0.039
0.038
0.041
0.041
0.041
0.037
0.039
0.040
0.042
0.039
0.040
0.127
0.117
0.057
0.047
0.053
0.049
0.045
0.043
0.039
0.046
0.040
0.041
0.049
0.039
0.038
0.061
0.069
0.044
0.040
0.043
0.043
0.051
0.052
0.043
0.055
0.070
0.062
0.040
0.039
0.036
0.048
0.054
0.060
0.071
0.053
0.037
0.037
0.072
0.038
0.034
0.043
0.140
0.059
0.066
0.041
0.061
0.054
0.043
0.046
0.052
0.060
0.073
0.056
0.077
0.070
0.077
0.068
0.039
0.035
0.033
0.033
0.056
0.055
0.052
0.050
0.078
0.073
0.077
0.070
0.040
0.040
0.050
0.093
0.069
0.090
0.082
0.065
0.058
0.056
0.058
0.060
0.064
0.058
0.052
0.056
0.065
0.046
0.045
0.050
0.049
0.050
0.051
0.041
0.033
0.040
0.041
0.034
0.046
0.065
0.054
0.043
0.067
0.071
0.078
0.129
0.185
0.158
0.075
0.060
0.059
0.061
0.157
0.283
0.213
0.089
0.059
0.050
0.087
0.058
0.055
0.055
0.068
0.059
0.049
0.068
0.053
0.045
0.053
0.055
0.044
0.041
0.043
0.656
0.187
0.082
0.069
0.049
0.044
0.072
0.054
0.155
0.113
0.190
0.136
0.098
0.094
0.057
0.055
0.042
0.047
0.038
0.040
0.041
0.046
0.042
0.044
0.048
0.045
0.054
0.049
0.042
0.048
0.040
0.042
0.040
0.047
0.042
0.044
0.069
0.091
0.160
0.061
0.060
0.055
0.059
0.077
0.054
0.074
0.056
0.052
0.051
0.112
0.115
0.150
0.132
0.127
0.172
0.375
0.102
0.145
0.055
0.045
0.045
0.052
0.041
0.036
0.035
0.039
0.041
0.040
0.067
0.057
0.042
0.039
0.043
0.043
0.041
0.044
0.055
0.039
0.042
0.035
0.050
0.038
0.051
0.049
0.081
0.042
0.037
0.038
0.040
0.041
0.045
0.101
0.038
0.036
0.033
0.042
0.041
0.057
0.052
0.037
0.052
0.036
0.035
0.042
0.039
0.038
0.035
0.052
0.034
0.032
0.030
0.031
0.030
0.033
0.042
0.045
0.034
0.031
0.036
0.032
0.028
0.028
0.034
0.028
0.046
0.033
0.034
0.031
0.036
0.119
0.076
0.059
0.058
0.036
0.034
0.036
0.035
0.034
0.036
0.096
0.037
0.036
0.029
0.042
0.030
0.026
0.045
0.046
0.028
0.027
0.028
0.128
0.061
0.048
0.041
0.044
0.040
0.039
0.054
0.061
0.068
0.046
0.070
0.080
0.114
0.142
0.082
0.089
0.045
0.039
0.040
0.065
0.042
0.039
0.038
0.037
0.042
0.046
0.039
0.039
0.040
0.039
0.037
0.037
0.039
0.038
0.039
0.047
0.041
0.043
0.041
0.039
0.041
0.048
0.041
0.038
0.039
0.038
0.039
0.040
0.037
0.039
0.038
0.054
0.043
0.039
0.040
0.162
0.056
0.018
0.015
0.013
0.077
0.048
0.015
0.014
0.014
0.013
0.013
0.012
0.012
0.013
0.012
0.012
0.012
0.012
0.012
0.013
0.012
0.012
0.013
0.012
0.012
0.017
0.015
0.013
0.079
0.038
0.033
0.034
0.037
0.042
0.027
0.016
0.013
0.025
0.023
0.014
0.012
0.011
0.011
0.011
0.012
0.011
0.011
0.023
0.014
0.012
0.011
0.012
0.011
0.011
0.011
0.011
0.012
0.029
0.013
0.011
0.011
0.011
0.011
0.011
0.012
0.012
0.012
0.011
0.011
0.116
0.025
0.027
0.026
0.022
0.015
0.016
0.013
0.013
0.012
0.013
0.012
0.013
0.119
0.029
0.049
0.067
0.061
0.045
0.034
0.034
0.032
0.035
0.032
0.032
0.026
0.015
0.013
0.026
0.031
0.023
0.021
0.033
0.035
0.034
0.031
0.031
0.053
0.045
0.033
0.032
0.030
0.029
0.033
0.031
0.030
0.027
0.027
0.025
0.020
0.019
0.023
0.025
0.023
0.023
0.024
0.025
0.025
0.022
0.025
0.022
0.022
0.019
0.020
0.021
0.021
0.024
0.022
0.021
0.025
0.029
0.030
0.028
0.027
0.026
0.022
0.022
0.025
0.024
0.024
0.024
0.022
0.019
0.019
0.019
0.043
0.026
0.024
0.026
0.024
0.028
0.026
0.026
0.024
0.023
0.022
0.021
0.021
0.021
0.023
0.021
0.025
0.020
0.022
0.024
0.023
0.021
0.024
0.021
0.020
0.020
0.020
0.023
0.022
0.021
0.020
0.021
0.021
0.022
0.021
0.026
0.024
0.022
0.022
0.023
0.023
0.020
0.020
0.021
0.021
0.023
0.020
0.020
0.019
0.019
0.021
0.021
0.019
0.019
0.024
0.023
0.021
0.021
0.022
0.022
0.021
0.021
0.019
0.019
0.022
0.020
0.022
0.020
0.019
0.021
0.020
0.024
0.026
0.019
0.018
0.018
0.018
0.019
0.018
0.017
0.018
0.018
0.018
0.019
0.022
0.023
0.026
0.022
0.036
0.024
0.021
0.024
0.024
0.024
0.022
0.024
0.024
0.026
0.027
0.014
0.012
0.012
0.019
0.030
0.026
0.029
0.026
0.031
0.031
0.024
0.018
0.028
0.031
0.032
0.034
0.027
0.027
0.019
0.014
0.016
0.030
0.032
0.028
0.030
0.022
0.020
0.020
0.019
0.021
0.018
0.024
0.019
0.013
0.012
0.012
0.020
0.013
0.019
0.013
0.029
0.032
0.026
0.026
0.035
0.034
0.032
0.028
0.020
0.023
0.015
0.013
0.020
0.013
0.012
0.012
0.014
0.033
0.029
0.030
0.028
0.029
0.031
0.051
0.028
0.086
0.029
0.027
0.035
0.020
0.083
0.028
0.021
0.026
0.032
0.029
0.050
0.046
0.034
0.038
0.033
0.032
0.034
0.032
0.036
0.033
0.032
0.032
0.037
0.031
0.031
0.031
0.030
0.030
0.030
0.029
0.029
0.029
0.030
0.032
0.030
0.032
0.029
0.032
0.031
0.028
0.030
0.031
0.031
0.034
0.035
0.030
0.029
0.029
0.031
0.034
0.032
0.035
0.031
0.032
0.031
0.032
0.031
0.030
0.031
0.030
0.032
0.037
0.032
0.031
0.030
0.034
0.032
0.030
0.032
0.031
0.030
0.030
0.031
0.032
0.031
0.032
0.032
0.032
0.031
0.038
0.031
0.033
0.032
0.033
0.034
0.029
0.030
0.031
0.033
0.033
0.034
0.034
0.032
0.030
0.033
0.031
0.030
0.030
0.031
0.031
0.032
0.031
0.030
0.033
0.035
0.031
0.030
0.031
0.036
0.032
0.049
0.030
0.029
0.033
0.075
0.033
0.030
0.030
0.031
0.034
0.030
0.029
0.030
0.030
0.031
0.030
0.030
0.034
0.032
0.030
0.029
0.028
0.031
0.031
0.030
0.030
0.030
0.031
0.032
0.029
0.027
0.029
0.029
0.027
0.027
0.027
0.027
0.027
0.026
0.027
0.026
0.027
0.029
0.026
0.027
0.026
0.027
0.027
0.028
0.027
0.027
0.033
0.029
0.028
0.028
0.026
0.027
0.028
0.058
0.027
0.028
0.028
0.027
0.030
0.030
0.029
0.030
0.103
0.036
0.073
0.052
0.034
0.032
0.032
0.032
0.031
0.030
0.030
0.030
0.031
0.032
0.032
0.030
0.031
0.033
0.031
0.033
0.033
0.033
0.033
0.029
0.034
0.030
0.028
0.049
0.039
0.029
0.029
0.028
0.027
0.028
0.029
0.028
0.028
0.027
0.029
0.028
0.028
0.028
0.027
0.028
0.029
0.028
0.027
0.029
0.035
0.029
0.029
0.032
0.032
0.032
0.029
0.033
0.033
0.027
0.031
0.031
0.029
0.028
0.100
0.032
0.035
0.028
0.039
0.047
0.042
0.031
0.029
0.033
0.030
0.028
0.028
0.032
0.032
0.028
0.031
0.030
0.031
0.031
0.031
0.031
0.032
0.035
0.084
0.033
0.034
0.032
0.032
0.031
0.030
0.030
0.033
0.030
0.030
0.032
0.030
0.031
0.032
0.031
0.030
0.031
0.029
0.028
0.032
0.031
0.029
0.030
0.028
0.022
0.027
0.024
0.026
0.023
0.019
0.024
0.024
0.028
0.029
0.150
0.047
0.043
0.036
0.021
0.020
0.017
0.011
0.019
0.017
0.012
0.011
0.011
0.011
0.011
0.011
0.011
0.011
0.011
0.012
0.011
0.013
0.011
0.011
0.011
0.011
0.011
0.065
0.028
0.025
0.033
0.032
0.029
0.024
0.025
0.034
0.025
0.028
0.027
0.025
0.025
0.023
0.044
0.028
0.028
0.024
0.021
0.022
0.023
0.021
0.022
0.021
0.022
0.021
0.021
0.023
0.021
0.021
0.024
0.021
0.019
0.021
0.022
0.027
0.020
0.026
0.020
0.025
0.021
0.014
0.013
0.013
0.013
0.012
0.012
0.014
0.012
0.013
0.012
0.012
0.012
0.012
0.012
0.013
0.030
0.017
0.012
0.012
0.013
0.012
0.011
0.011
0.012
0.011
0.012
0.013
0.012
0.076
0.031
0.028
0.030
0.027
0.018
0.013
0.015
0.022
0.020
0.019
0.032
0.029
0.023
0.014
0.022
0.014
0.013
0.013
0.012
0.012
0.013
0.012
0.013
0.012
0.012
0.013
0.013
0.012
0.013
0.012
0.013
0.012
0.012
0.013
0.012
0.012
0.016
0.012
0.011
0.011
0.011
0.012
0.011
0.013
0.012
0.011
0.021
0.025
0.024
0.028
0.022
0.036
0.017
0.013
0.016
0.027
0.017
0.013
0.012
0.011
0.010
0.011
0.011
0.011
0.010
0.010
0.011
0.011
0.011
0.012
0.012
0.010
0.011
0.010
0.011
0.010
0.010
0.010
0.010
0.012
0.011
0.012
0.011
0.010
0.011
0.011
0.011
0.010
0.012
0.011
0.011
0.010
0.013
0.011
0.011
0.011
0.010
0.011
0.010
0.010
0.011
0.011
0.010
0.010
0.010
0.012
0.011
0.011
0.011
0.012
0.011
0.010
0.013
0.012
0.010
0.011
0.011
0.011
0.010
0.010
0.010
0.010
0.098
0.026
0.027
0.021
0.020
0.019
0.025
0.023
0.025
0.022
0.017
0.011
0.011
0.010
0.011
0.013
0.011
0.011
0.011
0.011
0.014
0.012
0.020
0.029
0.028
0.033
0.030
0.029
0.029
0.029
0.035
0.030
0.026
0.022
0.026
0.014
0.015
0.025
0.028
0.039
0.024
0.023
0.014
0.012
0.011
0.012
0.016
0.023
0.021
0.020
0.040
0.026
0.021
0.023
0.025
0.023
0.025
0.027
0.025
0.028
0.023
0.023
0.025
0.029
0.106
0.041
0.036
0.028
0.026
0.029
0.033
0.028
0.018
0.027
0.032
0.025
0.016
0.013
0.014
0.014
0.017
0.014
0.013
0.014
0.012
0.011
0.012
0.013
0.024
0.027
0.029
0.025
0.027
0.028
0.024
0.029
0.030
0.040
0.031
0.028
0.057
0.051
0.047
0.034
0.032
0.031
0.028
0.085
0.030
0.027
0.025
0.025
0.026
0.027
0.026
0.027
0.028
0.024
0.047
0.069
0.033
0.027
0.028
0.030
0.033
0.033
0.031
0.030
0.035
0.043
0.059
0.047
0.032
0.028
0.029
0.029
0.042
0.034
0.029
0.027
0.030
0.030
0.030
0.029
0.028
0.103
0.066
0.038
0.029
0.023
0.025
0.022
0.023
0.025
0.049
0.027
0.019
0.019
0.019
0.022
0.023
0.024
0.041
0.048
0.099
0.032
0.024
0.024
0.034
0.028
0.103
0.035
0.030
0.026
0.022
0.020
0.020
0.019
0.022
0.029
0.021
0.020
0.020
0.021
0.020
0.019
0.020
0.020
0.029
0.023
0.022
0.020
0.026
0.024
0.021
0.037
0.026
0.020
0.019
0.019
0.019
0.114
0.082
0.061
0.037
0.023
0.020
0.020
0.055
0.048
0.034
0.028
0.027
0.028
0.077
0.053
0.047
0.052
0.030
0.023
0.022
0.025
0.022
0.020
0.046
0.031
0.028
0.028
0.030
0.030
0.029
0.031
0.027
0.026
0.027
0.025
0.025
0.030
0.060
0.037
0.031
0.030
0.028
0.039
0.039
0.030
0.028
0.032
0.041
0.036
0.031
0.032
0.032
0.032
0.034
0.031
0.034
0.033
0.032
0.032
0.054
0.049
0.032
0.048
0.035
0.029
0.026
0.029
0.028
0.028
0.028
0.024
0.024
0.021
0.028
0.028
0.026
0.028
0.027
0.026
0.028
0.071
0.146
0.055
0.033
0.399
0.135
0.121
0.112
0.352
0.038
0.033
0.034
0.027
0.031
0.030
0.030
0.038
0.034
0.062
0.037
0.041
0.041
0.034
0.065
0.033
0.031
0.029
0.027
0.033
0.045
0.034
0.040
0.071
0.062
0.041
0.032
0.046
0.052
0.025
0.023
0.020
0.020
0.019
0.020
0.020
0.021
0.020
0.018
0.022
0.021
0.018
0.019
0.021
0.111
0.047
0.083
0.035
0.030
0.031
0.047
0.032
0.055
0.042
0.033
0.033
0.029
0.031
0.029
0.029
0.028
0.028
0.030
0.030
0.082
0.031
0.022
0.021
0.021
0.023
0.020
0.018
0.019
0.023
0.022
0.021
0.019
0.019
0.018
0.017
0.017
0.018
0.018
0.018
0.020
0.020
0.020
0.020
0.021
0.023
0.024
0.023
0.021
0.020
0.020
0.020
0.022
0.049
0.043
0.021
0.020
0.019
0.019
0.020
0.019
0.019
0.019
0.019
0.019
0.019
0.018
0.018
0.019
0.019
0.019
0.020
0.068
0.050
0.032
0.038
0.030
0.027
0.028
0.026
0.026
0.026
0.024
0.023
0.026
0.029
0.029
0.026
0.029
0.027
0.028
0.026
0.165
0.050
0.069
0.045
0.032
0.032
0.031
0.040
0.047
0.029
0.278
0.043
0.029
0.026
0.026
0.026
0.025
0.028
0.028
0.026
0.025
0.026
0.026
0.027
0.024
0.024
0.025
0.025
0.026
0.026
0.055
0.033
0.026
0.028
0.028
0.024
0.027
0.028
0.029
0.027
0.027
0.028
0.030
0.028
0.041
0.027
0.045
0.028
0.029
0.031
0.028
0.030
0.031
0.030
0.030
0.032
0.086
0.164
0.032
0.041
0.036
0.025
0.020
0.109
0.033
0.024
0.051
0.076
0.068
0.079
0.142
0.095
0.038
0.062
0.028
0.024
0.020
0.020
0.020
0.019
0.022
0.022
0.023
0.023
0.023
0.023
0.023
0.024
0.022
0.046
0.058
0.058
0.030
0.028
0.023
0.021
0.020
0.024
0.051
0.063
0.042
0.082
0.066
0.037
0.028
0.027
0.030
0.028
0.029
0.028
0.027
0.031
0.031
0.031
0.030
0.103
0.033
0.029
0.064
0.026
0.022
0.021
0.021
0.023
0.023
0.020
0.028
0.019
0.019
0.020
0.018
0.026
0.023
0.023
0.019
0.019
0.020
0.020
0.022
0.020
0.018
0.017
0.018
0.019
0.018
0.022
0.065
0.022
0.019
0.019
0.018
0.018
0.018
0.019
0.019
0.030
0.032
0.022
0.025
0.051
0.027
0.143
0.049
0.036
0.027
0.020
0.064
0.036
0.020
0.018
0.018
0.028
0.028
0.029
0.030
0.032
0.033
0.028
0.029
0.033
0.032
0.031
0.033
0.031
0.028
0.021
0.027
0.025
0.031
0.027
0.022
0.055
0.231
0.036
0.028
0.049
0.091
0.069
0.034
0.027
0.049
0.045
0.047
0.026
0.022
0.021
0.018
0.025
0.089
0.084
0.026
0.021
0.018
0.019
0.018
0.017
0.018
0.019
0.018
0.018
0.018
0.018
0.018
0.020
0.018
0.018
0.018
0.018
0.361
0.031
0.024
0.019
0.020
0.020
0.020
0.020
0.021
0.026
0.022
0.023
0.023
0.033
0.024
0.032
0.023
0.021
0.023
0.021
0.021
0.022
0.025
0.024
0.024
0.023
0.022
0.022
0.021
0.022
0.023
0.022
0.021
0.024
0.023
0.023
0.024
0.025
0.024
0.025
0.027
0.026
0.021
0.022
0.021
0.023
0.192
0.037
0.095
0.037
0.032
0.031
0.030
0.031
0.032
0.029
0.026
0.027
0.028
0.029
0.030
0.030
0.041
0.027
0.020
0.205
0.158
0.030
0.021
0.023
0.024
0.023
0.020
0.018
0.018
0.019
0.018
0.019
0.023
0.018
0.029
0.166
0.046
0.058
0.049
0.027
0.022
0.024
0.024
0.024
0.022
0.025
0.054
0.073
0.049
0.036
0.087
0.041
0.030
0.028
0.069
0.033
0.028
0.255
0.149
0.100
0.053
0.032
0.023
0.022
0.030
0.021
0.019
0.019
0.023
0.022
0.020
0.019
0.020
0.021
0.019
0.024
0.021
0.021
0.021
0.020
0.019
0.019
0.019
0.020
0.023
0.022
0.022
0.022
0.024
0.021
0.022
0.024
0.023
0.025
0.022
0.021
0.021
0.020
0.032
0.048
0.070
0.028
0.168
0.040
0.032
0.296
0.096
0.086
0.101
0.106
0.101
0.166
0.099
0.101
0.097
0.093
0.091
0.044
0.882
0.176
0.402
0.132
0.052
0.061
0.086
0.185
0.047
0.028
0.023
0.155
0.024
0.022
0.025
0.021
0.020
0.052
0.020
0.020
0.019
0.020
0.020
0.086
0.025
0.041
0.029
0.026
0.020
0.029
0.021
0.021
0.024
0.022
0.019
0.018
0.018
0.225
0.051
0.025
0.020
0.020
0.019
0.021
0.019
0.020
0.019
0.018
0.018
0.019
0.027
0.022
0.019
0.022
0.022
0.019
0.019
0.021
0.023
0.022
0.022
0.024
0.020
0.021
0.022
0.021
0.022
0.025
0.023
0.023
0.022
0.022
0.022
0.022
0.023
0.022
0.022
0.021
0.024
0.024
0.023
0.044
0.025
0.021
0.096
0.027
0.025
0.021
0.021
0.022
0.022
0.022
3.608
0.261
0.088
0.045
0.028
0.029
0.029
0.024
0.023
0.024
0.024
0.025
0.023
0.025
0.027
0.047
0.027
0.026
0.024
0.024
0.025
0.024
0.025
0.022
0.025
0.023
0.022
0.023
0.025
0.023
0.025
0.022
0.018
0.021
0.018
0.019
0.020
0.017
0.019
0.053
0.057
0.030
0.028
0.021
0.023
0.022
0.021
0.022
0.026
0.023
0.024
0.023
0.022
0.022
0.021
0.023
0.022
0.022
0.036
0.036
0.027
0.022
0.022
0.024
0.023
0.107
0.033
0.024
0.021
0.019
0.023
0.296
0.122
0.702
0.158
0.094
0.093
0.109
0.093
0.120
0.114
0.088
0.056
0.030
0.668
0.110
0.043
0.085
0.044
0.024
0.022
0.019
0.019
0.018
0.018
0.020
0.017
0.061
0.023
0.022
0.023
0.024
0.020
0.018
0.018
0.019
0.018
0.017
0.018
0.017
0.016
0.017
0.017
0.016
0.016
0.017
0.019
0.019
0.018
0.018
0.019
0.018
0.018
0.018
0.053
0.034
0.019
0.020
0.019
0.019
0.018
0.018
0.018
0.018
0.019
0.020
0.020
0.018
0.052
0.046
0.031
0.021
0.020
0.312
0.113
0.066
0.025
0.024
0.019
0.019
0.018
0.019
0.016
0.137
0.045
0.044
0.023
0.134
0.124
0.278
0.352
0.208
0.062
0.118
0.110
0.349
0.050
0.046
0.396
0.050
0.034
0.033
0.029
0.028
0.032
0.030
0.032
0.031
0.031
0.045
0.034
0.028
0.028
0.022
0.026
0.027
0.029
0.029
0.028
0.027
0.030
0.027
0.032
0.029
0.029
0.092
0.039
0.030
0.029
0.028
0.028
0.031
0.032
0.030
0.034
0.033
0.029
0.030
0.030
0.049
0.029
0.030
0.028
0.028
0.027
0.027
0.028
0.027
0.026
0.028
0.027
0.027
0.030
0.029
0.026
0.024
0.026
0.031
0.024
0.025
0.025
0.134
0.116
0.047
0.033
0.029
0.030
0.026
0.029
0.030
0.031
0.031
0.029
0.032
0.030
0.030
0.028
0.028
0.027
0.032
0.030
0.022
0.022
0.026
0.027
0.027
5.434
0.283
0.068
0.030
0.042
0.029
0.027
0.028
0.034
0.027
0.030
0.029
0.029
0.034
0.026
0.026
0.026
0.027
0.029
0.031
0.029
0.028
0.043
0.031
0.035
0.030
0.350
0.033
0.027
0.022
0.022
0.020
0.103
0.045
0.024
0.025
0.027
0.020
0.019
0.018
0.018
0.018
0.018
0.020
0.019
0.018
0.018
0.018
0.017
0.017
0.018
0.018
0.018
0.017
0.018
0.018
0.018
0.022
0.019
0.017
0.017
0.030
0.022
0.022
0.023
0.021
0.018
0.019
0.019
0.018
0.017
0.023
0.019
0.018
0.019
0.019
0.018
0.046
0.046
0.024
0.019
0.019
0.023
0.020
0.019
0.018
0.031
0.021
0.019
0.018
0.023
0.019
0.019
0.020
0.019
0.019
0.018
0.019
0.017
0.019
0.018
0.017
0.027
0.019
0.018
0.017
0.018
0.017
0.019
0.018
0.018
0.021
0.020
0.021
0.019
0.020
0.020
0.019
0.020
0.021
0.019
0.019
0.019
0.019
0.019
0.039
0.021
0.020
0.021
0.020
0.019
0.040
0.024
0.021
0.020
0.019
0.019
0.020
0.020
0.021
0.021
0.020
0.020
0.026
0.028
0.022
0.020
0.020
0.019
0.019
0.019
0.020
0.026
0.023
0.024
0.023
0.057
0.038
0.042
0.021
0.020
0.019
0.018
0.070
0.033
0.022
0.024
0.020
0.019
0.019
0.019
0.019
0.019
0.019
0.019
0.018
0.018
0.018
0.018
0.017
0.018
0.017
0.017
0.017
0.019
0.018
0.018
0.018
0.018
0.018
0.018
0.018
0.018
0.018
0.018
0.018
0.018
0.042
0.019
0.018
0.019
0.018
0.018
0.019
0.019
0.021
0.043
0.021
0.018
0.018
0.018
0.018
0.018
0.026
0.018
0.020
0.019
0.023
0.022
0.116
0.023
0.025
0.021
0.019
0.019
0.019
0.018
0.018
0.018
0.019
0.018
0.018
0.018
0.018
0.018
0.017
0.018
0.018
0.018
0.017
0.017
0.019
0.018
0.019
0.018
0.018
0.017
0.019
0.020
0.020
0.020
0.019
0.018
0.018
0.018
0.018
0.017
0.019
0.018
0.059
0.025
0.019
0.020
0.018
0.017
0.017
0.017
0.018
0.017
0.017
0.049
0.023
0.019
0.017
0.017
0.018
0.018
0.017
0.019
0.036
0.502
0.061
0.023
0.018
0.022
0.017
0.017
0.018
0.017
0.019
0.017
0.016
0.016
0.016
0.016
0.024
0.017
0.018
0.019
0.017
0.017
0.020
0.018
0.016
0.016
0.016
0.016
0.015
0.017
0.016
0.017
0.017
0.017
0.016
0.017
0.016
0.016
0.015
0.017
0.016
0.019
0.018
0.018
0.017
0.016
0.021
0.021
0.018
0.090
0.018
0.016
0.015
0.017
0.017
0.016
0.016
0.017
0.017
0.781
0.093
0.026
0.021
0.020
0.025
0.023
0.029
0.025
0.025
0.026
0.021
0.024
0.024
0.023
0.023
0.023
0.026
0.022
0.021
0.020
0.020
0.020
0.019
0.021
0.023
0.027
0.024
0.019
0.021
0.025
0.022
0.022
0.021
0.029
0.041
0.038
0.022
0.022
0.049
0.038
0.033
0.034
0.047
0.040
0.026
0.023
0.020
0.021
0.020
0.022
0.020
0.022
0.019
0.020
0.020
0.017
0.017
0.038
0.019
0.017
0.026
0.024
0.023
0.023
0.022
0.022
0.023
0.028
0.025
0.078
0.028
0.024
0.024
0.021
0.022
0.022
0.024
0.020
0.024
0.020
0.023
0.020
0.020
0.018
0.018
0.019
0.019
0.017
0.017
0.019
0.021
0.019
0.020
0.020
0.020
0.020
0.020
0.018
0.020
0.018
0.018
0.018
0.018
0.019
0.020
0.020
0.021
0.018
0.017
0.020
0.018
0.018
0.016
0.069
0.022
0.021
0.023
0.022
0.020
0.021
0.029
0.021
0.020
0.019
0.020
0.018
0.019
0.018
0.019
0.019
0.018
0.018
0.018
0.022
0.017
0.018
0.018
0.018
0.022
0.019
0.020
0.020
0.020
0.018
0.019
0.019
0.018
0.035
0.025
0.018
0.018
0.017
0.021
0.018
0.018
0.019
0.018
0.018
0.017
0.017
0.018
0.134
0.020
0.018
0.019
0.018
0.017
0.018
0.016
0.017
0.018
0.019
0.023
0.018
0.018
0.018
0.018
0.036
0.025
0.063
0.045
0.024
0.020
0.019
0.018
0.018
0.017
0.017
0.019
0.017
0.017
0.017
0.016
0.017
0.016
0.018
0.016
0.019
0.017
0.019
0.018
0.017
0.026
0.017
0.022
0.018
0.018
0.018
0.019
0.023
0.024
0.022
0.024
0.020
0.018
0.018
0.017
0.017
0.016
0.016
0.016
0.016
0.016
0.016
0.015
0.016
0.016
0.017
0.019
0.017
0.017
0.016
0.018
0.018
0.016
0.016
0.018
0.017
0.017
0.016
0.015
0.015
0.017
0.017
0.017
0.021
0.016
0.049
0.020
0.018
0.018
0.019
0.017
0.026
0.021
0.021
0.017
0.020
0.020
0.018
0.019
0.017
0.016
0.017
0.021
0.018
0.020
0.107
0.036
0.023
0.040
0.026
0.018
0.020
0.019
0.035
0.018
0.024
0.025
0.022
0.022
0.023
0.023
0.022
0.020
0.019
0.018
0.021
0.018
0.028
0.021
0.020
0.021
0.018
0.017
0.017
0.162
0.059
0.025
0.021
0.019
0.020
0.019
0.042
0.031
0.026
0.032
0.027
0.023
0.025
0.027
0.022
0.020
0.030
0.023
0.020
0.028
0.024
0.049
0.023
0.023
0.028
0.030
0.030
0.027
0.027
0.032
0.028
0.029
0.040
0.032
0.029
0.043
0.075
0.051
0.034
0.032
0.028
0.032
0.026
0.013
0.026
0.020
0.069
0.034
0.030
0.035
0.030
0.029
0.029
0.027
0.028
0.026
0.026
0.029
0.028
0.028
0.027
0.027
0.028
0.027
0.028
0.028
0.080
0.062
0.029
0.022
0.019
0.017
0.019
0.019
0.018
0.022
0.022
0.023
0.232
0.082
0.041
0.027
0.028
0.028
0.022
0.038
0.021
0.019
0.019
0.021
0.029
0.025
0.023
0.036
0.034
0.031
0.034
0.029
0.032
0.030
0.031
0.032
0.030
0.031
0.029
0.030
0.029
0.029
0.031
0.031
0.027
0.029
0.056
0.048
0.043
0.028
0.027
0.030
0.035
0.031
0.032
0.029
0.027
0.030
0.028
0.026
0.024
0.028
0.026
0.023
0.021
0.051
0.034
0.029
0.078
0.030
0.028
0.027
0.029
0.029
0.028
0.069
0.037
0.029
0.030
0.029
0.035
0.027
0.023
0.028
0.029
0.025
0.022
0.026
0.027
0.027
0.026
0.026
0.025
0.024
0.026
0.028
0.030
0.029
0.027
0.027
0.021
0.021
0.020
0.035
0.019
0.019
0.018
0.024
0.021
0.021
0.096
0.030
0.023
0.022
0.024
0.022
0.023
0.022
0.023
0.020
0.019
0.018
0.019
0.021
0.022
0.023
0.022
0.025
0.021
0.022
0.032
0.025
0.022
0.021
0.020
0.019
0.018
0.020
0.019
0.017
0.017
0.017
0.017
0.018
0.017
0.017
0.023
0.024
0.019
0.018
0.019
0.019
0.035
0.025
0.023
0.022
0.023
0.020
0.024
0.020
0.018
0.017
0.020
0.021
0.020
0.018
0.019
0.020
0.023
0.023
0.024
0.024
0.019
0.017
0.018
0.019
0.017
0.018
0.017
0.018
0.019
0.022
0.021
0.023
0.021
0.021
0.023
0.022
0.021
0.023
0.022
0.020
0.021
0.021
0.023
0.025
0.025
0.057
0.025
0.020
0.018
0.021
0.021
0.019
0.018
0.018
0.020
0.020
0.021
0.022
0.090
0.037
0.026
0.024
0.025
0.044
0.026
0.085
0.022
0.020
0.023
0.020
0.020
0.024
0.021
0.027
0.025
0.027
0.023
0.023
0.020
0.019
0.022
0.020
0.018
0.018
0.025
0.022
0.019
0.025
0.023
0.024
0.021
0.024
0.019
0.017
0.023
0.018
0.021
0.024
0.026
0.029
0.024
0.023
0.032
0.032
0.033
0.031
0.023
0.027
0.031
0.028
0.021
0.019
0.023
0.021
0.025
0.020
0.026
0.019
0.017
0.018
0.024
0.021
0.019
0.024
0.022
0.024
0.021
0.023
0.019
0.018
0.018
0.020
0.024
0.020
0.018
0.019
0.025
0.021
0.019
0.025
0.021
0.033
0.021
0.019
0.029
0.020
0.018
0.025
0.025
0.020
0.020
0.028
0.021
0.019
0.022
0.019
0.019
0.018
0.023
0.019
0.019
0.018
0.018
0.017
0.018
0.025
0.021
0.020
0.019
0.019
0.019
0.020
0.019
0.021
0.021
0.019
0.019
0.018
0.025
0.021
0.019
0.017
0.023
0.024
0.022
0.019
0.038
0.023
0.022
0.018
0.030
0.020
0.018
0.018
0.016
0.016
0.059
0.021
0.018
0.019
0.017
0.016
0.017
0.016
0.016
0.016
0.019
0.016
0.017
0.016
0.015
0.015
0.015
0.016
0.016
0.016
0.017
0.015
0.016
0.017
0.021
0.019
0.018
0.018
0.018
0.018
0.018
0.017
0.017
0.016
0.016
0.017
0.016
0.015
0.023
0.022
0.020
0.019
0.017
0.018
0.023
0.022
0.035
0.023
0.031
0.025
0.026
0.022
0.015
0.012
0.011
0.011
0.011
0.012
0.011
0.020
0.013
0.012
0.012
0.011
0.011
0.011
0.011
0.011
0.012
0.010
0.011
0.011
0.019
0.027
0.021
0.013
0.025
0.013
0.012
0.024
0.027
0.028
0.025
0.025
0.027
0.026
0.015
0.013
0.013
0.019
0.014
0.013
0.018
0.013
0.013
0.012
0.012
0.013
0.013
0.012
0.013
0.013
0.011
0.020
0.071
0.155
0.057
0.042
0.026
0.014
0.011
0.012
0.011
0.011
0.011
0.011
0.011
0.010
0.011
0.014
0.010
0.010
0.010
0.011
0.010
0.010
0.010
0.010
0.024
0.034
0.021
0.017
0.017
0.013
0.011
0.014
0.020
0.023
0.019
0.039
0.022
0.012
0.014
0.016
0.026
0.017
0.017
0.012
0.012
0.010
0.010
0.010
0.010
0.010
0.015
0.022
0.013
0.011
0.011
0.010
0.012
0.013
0.014
0.013
0.013
0.012
0.011
0.011
0.012
0.010
0.013
0.011
0.012
0.014
0.012
0.026
0.025
0.026
0.017
0.017
0.029
0.028
0.021
0.029
0.029
0.030
0.028
0.016
0.013
0.015
0.013
0.017
0.015
0.011
0.011
0.015
0.012
0.010
0.012
0.011
0.011
0.010
0.011
0.011
0.011
0.010
0.022
0.021
0.025
0.026
0.029
0.029
0.026
0.027
0.018
0.016
0.035
0.019
0.015
0.015
0.015
0.021
0.017
0.019
0.015
0.076
0.020
0.016
0.016
0.020
0.022
0.017
0.021
0.021
0.018
0.014
0.023
0.013
0.012
0.011
0.052
0.014
0.012
0.011
0.013
0.011
0.011
0.011
0.010
0.010
0.010
0.010
0.010
0.010
0.010
0.010
0.011
0.010
0.013
0.010
0.010
0.011
0.010
0.010
0.010
0.010
0.011
0.010
0.010
0.010
0.010
0.010
0.010
0.010
0.010
0.023
0.012
0.011
0.016
0.023
0.014
0.021
0.022
0.014
0.014
0.025
0.053
0.014
0.010
0.012
0.016
0.013
0.011
0.010
0.010
0.015
0.015
0.016
0.016
0.015
0.016
0.012
0.011
0.010
0.010
0.010
0.011
0.010
0.010
0.011
0.010
0.010
0.010
0.010
0.011
0.010
0.015
0.022
0.055
0.119
0.013
0.012
0.011
0.023
0.027
0.024
0.014
0.013
0.012
0.013
0.011
0.017
0.014
0.012
0.012
0.017
0.020
0.024
0.021
0.021
0.018
0.014
0.013
0.013
0.013
0.012
0.012
0.012
0.014
0.013
0.013
0.012
0.011
0.012
0.012
0.012
0.013
0.012
0.048
0.024
0.015
0.013
0.012
0.012
0.012
0.012
0.012
0.012
0.012
0.012
0.012
0.012
0.012
0.013
0.012
0.012
0.012
0.012
0.012
0.012
0.028
0.031
0.038
0.022
0.020
0.024
0.016
0.018
0.019
0.016
0.011
0.010
0.010
0.009
0.009
0.010
0.010
0.009
0.010
0.042
0.065
0.027
0.024
0.030
0.026
0.023
0.022
0.022
0.021
0.023
0.022
0.020
0.017
0.015
0.022
0.025
0.023
0.022
0.025
0.032
0.025
0.025
0.030
0.024
0.021
0.023
0.044
0.027
0.037
0.030
0.031
0.024
0.030
0.028
0.029
0.024
0.027
0.032
0.027
0.026
0.027
0.033
0.033
0.032
0.034
0.031
0.058
0.033
0.043
0.026
0.027
0.032
0.028
0.030
0.029
0.028
0.025
0.025
0.025
0.028
0.025
0.026
0.027
0.027
0.027
0.027
0.087
0.035
0.028
0.025
0.025
0.027
0.022
0.025
0.025
0.027
0.023
0.023
0.025
0.024
0.026
0.027
0.022
0.025
0.024
0.027
0.024
0.024
0.025
0.022
0.023
0.027
0.041
0.030
0.028
0.026
0.028
0.026
0.028
0.026
0.025
0.033
0.023
0.023
0.026
0.024
0.029
0.029
0.024
0.049
0.038
0.025
0.027
0.026
0.023
0.025
0.026
0.023
0.025
0.026
0.029
0.031
0.027
0.024
0.026
0.027
0.028
0.029
0.025
0.035
0.028
0.027
0.026
0.028
0.029
0.024
0.030
0.027
0.023
0.020
0.013
0.011
0.010
0.011
0.010
0.010
0.011
0.011
0.010
0.010
0.010
0.011
0.021
0.020
0.023
0.023
0.022
0.019
0.018
0.018
0.022
0.025
0.027
0.078
0.032
0.030
0.035
0.028
0.029
0.025
0.031
0.029
0.025
0.027
0.025
0.024
0.023
0.028
0.026
0.032
0.025
0.027
0.025
0.027
0.027
0.026
0.029
0.024
0.025
0.024
0.025
0.026
0.038
0.030
0.028
0.027
0.028
0.024
0.026
0.025
0.027
0.026
0.025
0.029
0.053
0.044
0.031
0.029
0.029
0.067
0.023
0.027
0.031
0.021
0.020
0.020
0.021
0.024
0.021
0.021
0.020
0.020
0.023
0.023
0.022
0.020
0.020
0.019
0.026
0.019
0.021
0.018
0.034
0.025
0.019
0.019
0.018
0.018
0.019
0.020
0.061
0.046
0.032
0.027
0.024
0.030
0.024
0.026
0.026
0.028
0.031
0.027
0.049
0.026
0.030
0.026
0.026
0.028
0.027
0.029
0.025
0.030
0.064
0.030
0.027
0.028
0.027
0.022
0.026
0.028
0.022
0.024
0.025
0.022
0.027
0.028
0.042
0.020
0.013
0.011
0.011
0.011
0.010
0.010
0.011
0.011
0.011
0.010
0.011
0.011
0.018
0.011
0.011
0.010
0.016
0.011
0.011
0.011
0.011
0.011
0.010
0.010
0.014
0.035
0.023
0.020
0.013
0.012
0.012
0.017
0.024
0.024
0.015
0.015
0.011
0.011
0.011
0.010
0.011
0.018
0.012
0.010
0.011
0.010
0.012
0.010
0.011
0.010
0.011
0.010
0.010
0.012
0.011
0.016
0.011
0.011
0.011
0.011
0.010
0.011
0.010
0.011
0.010
0.024
0.030
0.019
0.020
0.026
0.023
0.031
0.023
0.020
0.067
0.042
0.029
0.030
0.028
0.021
0.026
0.017
0.011
0.010
0.010
0.013
0.014
0.012
0.012
0.012
0.011
0.012
0.012
0.012
0.012
0.013
0.012
0.013
0.016
0.017
0.012
0.011
0.010
0.010
0.010
0.010
0.010
0.162
0.039
0.016
0.013
0.013
0.024
0.013
0.064
0.023
0.021
0.018
0.014
0.019
0.013
0.012
0.014
0.020
0.018
0.012
0.013
0.027
0.030
0.033
0.027
0.032
0.023
0.023
0.020
0.022
0.022
0.021
0.022
0.030
0.026
0.041
0.033
0.036
0.041
0.038
0.038
0.037
0.038
0.035
0.036
0.036
0.037
0.034
0.025
0.017
0.026
0.017
0.020
0.020
0.022
0.026
0.024
0.017
0.023
0.040
0.023
0.015
0.027
0.030
0.030
0.029
0.028
0.016
0.016
0.014
0.013
0.013
0.013
0.012
0.012
0.013
0.019
0.013
0.016
0.011
0.011
0.011
0.012
0.010
0.011
0.011
0.011
0.010
0.010
0.010
0.011
0.010
0.011
0.017
0.012
0.011
0.010
0.010
0.011
0.011
0.010
0.012
0.010
0.024
0.012
0.013
0.066
0.033
0.026
0.025
0.024
0.028
0.027
0.025
0.025
0.027
0.026
0.074
0.038
0.059
0.033
0.055
0.046
0.031
0.032
0.024
0.028
0.027
0.027
0.033
0.027
0.025
0.026
0.024
0.024
0.040
0.029
0.023
0.024
0.018
0.018
0.018
0.023
0.022
0.022
0.022
0.025
0.023
0.014
0.012
0.019
0.011
0.013
0.011
0.010
0.011
0.010
0.011
0.011
0.011
0.011
0.011
0.011
0.010
0.017
0.011
0.011
0.011
0.011
0.011
0.013
0.011
0.011
0.011
0.011
0.010
0.011
0.011
0.011
0.016
0.013
0.013
0.011
0.011
0.012
0.012
0.011
0.010
0.010
0.011
0.010
0.013
0.010
0.016
0.011
0.011
0.017
0.022
0.077
0.055
0.025
0.024
0.025
0.023
0.029
0.023
0.025
0.036
0.028
0.022
0.020
0.020
0.018
0.018
0.017
0.020
0.023
0.022
0.027
0.020
0.019
0.018
0.027
0.018
0.017
0.017
0.100
0.078
0.032
0.020
0.019
0.018
0.018
0.035
0.021
0.020
0.030
0.018
0.017
0.017
0.018
0.017
0.016
0.019
0.032
0.034
0.030
0.020
0.019
0.018
0.080
0.022
0.020
0.019
0.018
0.018
0.017
0.017
0.019
0.018
0.019
0.017
0.016
0.018
0.018
0.048
0.022
0.019
0.019
0.019
0.017
0.018
0.018
0.017
0.017
0.017
0.021
0.024
0.029
0.036
0.028
0.024
0.023
0.023
0.021
0.020
0.022
0.043
0.032
0.025
0.022
0.024
0.023
0.036
0.025
0.023
0.022
0.021
0.041
0.033
0.021
0.019
0.017
0.020
0.022
0.020
0.022
0.016
0.095
0.025
0.021
0.020
0.020
0.018
0.018
0.016
0.025
0.023
441.494
194.475
54.470
134.687
47.719
124.823
36.853
33.150
104.104
26.505
94.877
97.922
31.981
83.477
23.766
85.610
88.220
37.744
38.196
23.155
22.819
24.579
22.238
24.340
22.572
22.214
27.556
82.205
23.536
22.727
82.225
21.840
24.775
21.216
82.305
21.798
24.945
88.263
23.059
26.276
24.264
25.379
89.466
81.495
20.156
21.439
24.401
79.719
22.575
21.119
21.192
22.716
22.709
23.514
21.393
21.821
80.127
22.445
81.185
24.970
22.039
22.170
21.487
21.892
22.693
21.181
85.384
23.105
25.142
81.133
21.547
21.198
86.988
24.277
81.354
95.429
23.358
85.163
95.085
23.406
80.414
23.621
22.365
79.584
22.502
21.014
23.397
82.111
81.468
20.891
21.937
21.433
81.881
21.178
23.698
83.789
21.627
79.649
21.226
83.238
20.716
23.555
20.721
88.175
89.311
82.585
22.251
83.599
80.829
81.382
20.876
82.844
82.454
23.470
25.178
80.369
79.924
23.591
21.991
23.842
21.354
22.647
20.871
21.486
24.596
80.874
21.245
22.459
20.785
19.581
21.073
24.101
25.305
24.727
22.683
81.296
22.806
26.447
25.740
25.816
85.947
23.993
83.209
88.882
25.020
84.871
81.928
21.930
22.240
83.112
21.820
29.813
104.828
22.992
81.394
82.812
24.520
21.810
91.012
23.000
21.016
20.083
86.783
79.990
23.830
22.960
79.932
22.131
19.974
20.406
20.219
22.209
82.012
21.320
23.446
88.467
22.170
22.217
25.144
21.698
21.933
21.124
81.137
21.118
79.087
23.687
81.481
23.021
81.399
21.443
23.358
85.513
22.584
23.335
80.059
82.203
24.248
83.698
89.031
22.588
23.803
23.670
88.369
24.491
97.502
97.755
81.896
22.875
88.039
23.442
26.490
29.951
26.691
23.139
28.985
94.797
25.445
27.005
103.139
98.110
26.759
26.735
24.975
88.249
25.758
29.961
27.320
29.238
26.285
24.109
24.160
86.338
30.013
26.263
23.854
25.074
25.640
22.643
24.774
89.475
23.244
22.398
82.245
81.292
81.348
26.015
30.190
23.774
22.901
83.470
21.542
82.025
22.164
25.435
24.188
22.299
21.474
25.599
79.630
79.398
22.915
21.538
24.172
21.151
20.809
20.934
21.994
21.978
22.828
21.787
20.722
81.202
22.317
78.656
20.777
81.997
21.324
81.234
93.199
96.330
79.227
81.275
79.571
21.823
21.297
20.181
20.526
81.324
21.062
20.960
22.861
21.422
19.926
21.475
89.246
26.938
89.853
23.975
92.004
81.306
22.464
23.924
24.201
22.826
22.668
21.123
79.949
79.369
81.986
20.660
22.221
21.737
80.284
20.957
21.318
23.660
21.766
22.269
22.133
21.161
21.952
80.274
21.693
81.688
22.269
22.310
25.400
21.820
20.680
78.182
22.540
21.084
22.390
21.952
20.836
23.303
22.146
24.699
22.009
22.721
21.655
20.444
20.390
24.162
23.342
80.724
21.290
79.479
79.966
21.307
79.985
24.583
22.697
22.096
21.360
84.652
80.236
19.393
81.773
78.241
22.025
20.143
20.420
22.028
81.398
23.038
21.841
78.333
21.534
21.775
21.777
19.379
84.410
88.097
23.872
81.738
21.796
82.343
84.098
81.047
21.882
20.711
22.199
79.287
21.235
82.426
20.719
81.892
79.594
19.838
19.770
22.491
23.538
20.369
22.519
81.308
20.574
21.868
80.172
28.287
26.603
25.921
88.622
85.473
95.615
92.007
20.764
79.985
20.219
20.615
20.517
21.544
24.744
21.275
79.252
81.992
79.800
21.249
20.119
24.545
21.093
21.697
22.106
79.003
21.072
21.425
23.874
22.035
79.161
21.441
79.337
22.881
80.559
23.465
22.258
21.009
21.395
20.888
21.350
22.060
82.171
21.440
22.897
22.178
80.073
78.307
20.626
24.701
79.535
20.046
21.643
20.721
19.741
78.564
23.423
20.631
20.881
24.102
21.742
21.213
81.237
20.877
23.091
20.938
81.778
79.917
20.978
21.358
82.567
22.507
21.520
80.217
21.675
21.529
21.558
22.733
84.134
22.321
79.075
21.252
79.077
22.372
82.548
79.781
20.598
22.280
21.616
21.260
79.070
23.860
79.476
22.794
88.246
21.996
82.807
22.597
24.480
84.195
21.940
80.464
22.826
20.809
82.419
21.652
20.260
22.458
23.999
79.002
21.717
21.934
23.244
20.798
80.646
78.841
20.579
80.333
81.606
21.171
80.976
83.958
78.837
19.994
82.516
22.585
23.007
90.245
21.352
101.870
82.795
21.949
20.150
20.263
24.023
23.104
22.165
80.334
24.805
22.844
88.007
23.394
23.626
81.359
86.122
82.181
21.207
80.497
24.067
80.606
24.268
88.745
25.139
25.224
25.598
24.728
28.193
25.891
85.182
20.829
20.977
21.311
23.154
20.576
79.989
82.586
22.286
21.229
21.393
21.112
80.943
79.362
23.822
81.230
22.490
84.233
20.611
80.769
20.473
84.364
21.277
22.346
80.606
20.638
80.717
25.454
23.467
22.200
21.251
82.924
20.397
80.237
82.311
21.195
22.685
83.883
20.904
22.084
21.086
23.655
79.469
80.503
20.832
87.721
22.944
22.014
26.644
23.221
23.277
22.663
22.351
23.508
81.995
85.249
22.548
80.712
79.240
20.390
22.698
21.219
83.234
20.636
21.072
80.143
79.712
21.446
21.559
83.170
79.983
80.282
81.376
20.560
21.414
81.495
21.700
23.339
86.998
81.362
78.405
81.443
21.174
25.076
24.490
95.588
24.734
22.291
27.437
20.958
24.841
81.490
21.190
78.779
80.913
22.434
20.180
21.349
80.729
79.040
19.815
21.565
81.717
82.685
21.009
80.705
21.239
78.801
22.867
79.423
20.997
22.293
79.279
23.286
20.041
81.381
21.877
22.054
21.644
79.888
20.900
21.207
23.878
21.242
21.718
21.632
23.354
22.085
79.240
25.417
21.836
20.947
21.693
79.021
21.201
79.602
23.102
79.449
80.600
20.710
21.772
81.755
21.288
24.858
21.931
21.352
23.217
21.117
20.522
78.938
24.546
21.367
81.058
79.927
21.070
20.456
19.814
24.092
80.124
81.355
24.154
23.568
22.284
22.446
85.831
21.748
82.539
21.613
80.472
22.521
20.356
83.042
20.864
21.726
20.893
81.648
20.615
79.958
23.268
21.574
21.757
21.918
22.242
21.295
20.618
24.919
21.473
20.853
21.344
79.957
79.127
20.372
83.304
21.167
21.024
80.896
19.755
85.537
20.947
23.315
80.071
23.488
21.535
21.449
20.942
19.615
22.164
22.961
79.539
79.740
79.361
21.408
22.023
27.422
25.430
21.635
86.932
24.017
24.924
23.033
21.663
23.456
24.675
25.079
98.684
80.086
20.779
83.091
20.708
21.475
21.395
25.823
21.313
78.772
21.008
22.837
21.200
22.081
22.201
79.275
21.697
20.350
23.153
80.909
22.236
83.258
22.054
22.339
20.796
23.395
22.300
20.451
84.962
36.081
32.592
28.583
24.620
25.504
94.599
26.592
23.815
100.147
25.259
91.699
25.913
27.535
29.950
23.476
27.519
25.317
24.393
30.263
103.122
23.978
22.721
23.417
94.590
99.023
105.942
29.772
97.717
88.484
91.709
28.605
26.381
23.510
24.179
86.662
83.730
82.094
24.347
21.083
85.445
22.084
22.872
21.010
20.656
85.085
19.964
93.788
24.426
28.432
24.406
20.937
84.225
20.585
21.599
21.888
81.794
20.298
22.044
82.289
81.395
80.670
21.264
22.739
20.828
81.338
23.562
20.627
23.798
26.334
23.135
84.621
85.577
26.718
21.050
21.201
85.060
21.905
21.746
25.723
28.706
21.251
21.066
85.525
25.052
24.049
80.876
24.472
85.338
22.778
23.229
21.989
24.099
88.825
27.673
98.345
27.622
93.738
26.538
93.127
89.634
26.144
31.123
30.666
29.634
94.738
23.800
85.296
23.497
22.379
22.916
22.346
87.031
22.702
25.699
28.645
22.588
90.321
24.197
23.996
27.447
29.199
24.930
27.141
25.352
24.627
25.296
23.982
27.432
23.635
26.705
22.396
94.135
24.823
99.193
86.460
22.323
28.176
24.637
28.546
90.331
23.508
21.939
22.461
90.416
86.490
22.786
23.705
23.697
24.071
27.951
104.518
27.965
24.533
25.225
26.234
95.614
23.420
90.125
104.506
28.532
26.614
96.589
92.310
23.045
88.000
22.096
23.261
23.979
86.136
24.155
94.824
89.581
26.343
95.583
89.820
94.937
26.281
99.443
100.462
25.233
24.759
27.497
28.847
35.333
110.097
31.490
30.601
110.414
116.210
105.792
29.570
23.661
24.435
26.064
27.978
26.297
25.139
94.206
26.329
29.798
28.616
28.221
90.639
98.067
27.885
27.463
25.266
94.921
26.036
26.755
23.790
107.536
25.869
25.914
101.527
25.838
26.030
25.229
30.362
24.020
103.800
106.104
26.927
104.626
108.455
26.410
112.710
29.621
25.919
30.143
102.846
102.388
28.842
26.905
29.730
30.708
25.053
95.622
106.615
109.027
111.747
108.329
32.191
28.670
28.227
31.617
96.037
25.180
97.189
28.211
25.119
108.156
27.948
27.155
27.894
98.583
26.273
27.409
28.370
30.242
28.124
109.848
109.358
29.559
28.202
28.612
92.351
93.282
25.931
26.986
28.352
29.572
24.677
104.998
25.327
26.619
26.754
31.591
100.707
23.534
26.165
90.333
94.801
24.171
25.670
99.635
99.116
96.969
30.475
29.890
24.673
31.956
26.007
34.299
26.989
27.195
27.001
30.697
31.724
28.415
28.727
109.111
108.036
25.724
31.373
26.521
29.397
113.834
30.247
26.739
116.917
121.148
117.387
116.338
113.656
112.508
111.907
26.205
30.653
108.557
106.409
28.127
27.678
24.641
26.306
24.103
25.319
25.094
30.176
29.064
28.048
27.579
27.636
27.841
106.510
121.462
30.815
30.720
27.345
107.036
23.938
28.151
32.144
114.615
32.286
30.458
33.484
31.727
32.117
27.518
29.677
25.713
103.237
22.511
23.959
25.619
85.528
25.634
27.384
24.822
25.105
24.214
93.638
25.320
28.171
23.835
25.723
22.886
22.068
22.886
92.768
22.653
25.577
22.593
22.628
22.063
88.093
104.112
31.692
27.730
23.940
96.608
23.365
28.588
29.893
23.892
27.402
25.578
22.662
22.498
22.298
23.425
23.966
24.708
100.166
24.418
24.582
86.302
21.416
27.028
27.226
33.540
26.910
26.168
93.191
24.308
25.047
22.945
98.946
28.063
87.563
22.513
100.862
27.070
88.442
83.292
86.139
24.857
104.266
26.164
24.716
91.082
25.699
25.673
25.989
98.267
99.182
24.963
27.406
22.310
22.301
26.304
25.961
103.113
23.342
94.565
23.546
24.131
22.815
25.412
87.376
21.854
87.668
85.039
23.389
89.971
86.178
25.389
28.441
26.015
26.282
85.203
24.515
93.357
22.391
26.987
25.665
25.263
24.730
25.632
95.026
89.721
90.143
97.006
25.665
28.181
28.687
97.614
27.082
103.313
28.835
24.754
24.681
23.410
28.312
27.709
92.588
105.188
23.993
93.724
26.432
26.581
27.877
28.738
26.213
23.089
110.220
28.785
28.827
110.107
30.296
26.589
28.099
26.322
96.928
25.536
86.792
28.599
22.656
24.381
83.893
24.147
82.549
22.485
96.962
26.182
26.546
28.115
25.557
22.854
29.215
21.441
82.385
21.014
21.766
22.185
22.130
21.446
80.493
24.944
23.116
94.182
22.096
82.768
23.804
23.547
82.842
22.306
20.990
80.670
98.692
23.175
24.671
21.094
80.764
79.472
21.141
21.893
22.654
24.041
21.725
21.117
80.840
79.613
20.877
84.785
81.173
81.038
89.327
83.760
79.476
82.849
21.228
21.367
82.436
22.441
23.510
22.523
87.173
22.552
22.799
82.441
80.074
22.496
22.532
23.791
22.371
21.549
81.368
20.781
21.015
22.347
21.864
80.662
21.488
81.256
22.278
21.273
21.635
20.780
22.876
21.392
21.513
20.756
21.314
79.578
20.856
23.739
21.707
82.508
21.443
20.744
20.834
78.728
81.642
20.898
80.877
21.131
20.821
22.153
21.575
80.671
79.185
80.804
20.878
79.492
83.364
29.410
24.155
23.416
22.073
21.769
21.748
24.984
87.130
24.143
22.832
23.188
21.709
21.389
20.331
22.028
24.213
21.631
80.380
21.573
21.445
20.318
21.079
82.401
20.156
21.633
22.572
21.509
22.164
23.083
21.043
81.668
20.866
79.636
80.380
20.441
21.931
83.064
89.209
22.180
82.248
21.513
80.064
21.340
23.628
21.345
21.373
21.577
21.007
21.159
21.491
20.947
82.072
21.722
22.802
21.949
20.750
20.942
21.806
25.035
21.119
20.855
21.119
80.047
20.670
80.417
25.537
24.713
20.846
79.088
80.535
79.980
83.061
79.619
20.418
22.034
78.846
20.061
25.071
23.814
21.724
22.558
83.804
84.644
22.103
21.671
25.850
80.189
22.661
21.797
81.093
20.234
79.974
23.138
81.361
20.946
20.653
20.140
20.873
21.721
23.332
20.560
79.975
20.692
20.842
21.184
20.611
20.423
82.813
21.437
21.592
23.221
21.750
80.087
21.806
22.808
79.306
21.505
21.145
21.025
21.705
81.505
24.316
86.898
21.943
21.675
21.247
79.827
79.718
80.748
86.772
84.236
20.425
80.026
21.921
25.146
21.867
22.420
22.251
22.079
84.636
24.357
24.799
22.255
20.604
22.143
20.899
21.204
21.067
84.078
80.438
21.425
21.643
79.719
78.854
21.447
81.578
21.435
80.183
21.693
20.897
21.750
83.918
24.362
23.671
23.248
25.372
96.815
102.252
23.104
27.634
24.895
24.503
94.487
97.463
93.362
24.236
21.663
20.759
79.691
20.703
81.095
20.753
24.088
21.444
23.523
22.611
79.975
23.040
24.081
86.093
81.139
78.874
20.807
20.938
20.921
21.553
81.890
80.590
27.274
24.823
82.390
22.401
21.733
83.313
22.717
21.786
79.890
79.645
20.113
82.277
22.217
21.536
24.569
78.872
21.506
20.744
21.515
23.112
79.929
80.150
21.106
82.633
20.284
23.038
21.440
81.025
22.049
21.780
21.498
80.350
87.158
21.580
20.914
21.650
79.739
20.522
22.130
25.377
21.116
81.123
21.554
21.411
20.986
79.549
81.697
20.886
84.382
27.579
26.020
20.897
81.742
100.254
25.133
84.251
81.604
22.504
20.944
85.578
23.143
25.575
27.050
27.486
23.533
79.413
24.682
80.691
21.201
21.977
23.640
79.405
79.108
23.849
84.632
23.026
22.477
21.760
79.062
20.942
24.740
21.669
21.607
23.323
81.807
22.341
91.313
25.926
22.199
84.612
22.209
79.963
81.911
81.627
21.295
21.528
82.769
22.695
20.880
22.265
25.248
22.177
21.735
21.933
22.319
21.570
20.985
21.753
21.632
21.882
21.342
20.838
24.118
78.532
79.300
21.113
24.609
20.508
20.834
21.761
21.531
22.257
84.097
25.433
22.399
21.397
81.130
80.552
20.929
80.222
22.582
21.882
21.257
22.793
20.528
23.135
81.974
82.313
21.269
20.916
21.142
79.617
21.411
78.753
22.921
22.710
21.360
21.883
21.585
20.740
79.998
24.352
22.708
21.723
21.148
21.195
22.400
21.427
21.814
81.788
20.418
80.058
79.543
25.770
81.778
22.694
20.997
81.124
80.316
20.911
21.553
80.576
23.999
22.448
23.312
21.356
20.767
21.294
23.117
24.169
83.651
80.975
21.042
20.670
20.844
20.622
21.617
23.516
20.797
79.184
21.131
20.508
22.290
22.029
82.704
22.728
22.025
21.822
80.250
78.906
83.129
21.530
21.415
21.416
79.782
79.812
78.982
23.056
80.343
79.124
21.901
21.085
80.683
24.019
20.233
21.602
22.695
21.082
21.425
21.713
21.449
90.140
25.262
23.290
86.146
21.031
81.106
81.541
22.510
21.515
21.959
82.444
78.736
79.019
81.348
78.835
79.354
22.603
20.895
22.221
20.561
22.979
79.226
22.173
26.326
22.421
24.664
21.661
24.542
23.362
22.467
81.560
22.058
83.145
21.960
82.424
21.204
80.514
21.088
81.755
19.619
81.355
79.689
22.096
79.158
20.593
20.550
21.485
24.801
22.141
78.842
24.631
79.363
22.233
80.371
23.251
21.130
79.324
21.927
20.142
78.010
20.994
23.340
23.346
21.536
79.338
80.957
22.785
20.859
81.382
20.777
21.197
81.296
95.088
20.871
95.432
24.658
22.575
25.531
89.152
79.279
78.306
82.510
79.223
21.300
20.851
20.882
80.446
25.034
21.695
20.883
80.542
77.451
80.370
20.983
80.759
80.247
79.059
21.675
20.635
79.216
23.844
21.505
80.356
21.789
21.777
78.480
20.603
81.266
78.090
84.497
24.230
25.745
24.109
24.266
86.025
21.346
85.404
21.120
21.294
79.650
82.105
22.205
21.885
77.784
79.249
83.660
23.969
20.700
21.651
21.190
22.499
25.289
23.441
22.363
83.375
21.938
84.629
80.415
21.828
79.838
82.325
21.665
21.212
21.601
22.087
79.679
20.687
23.572
22.306
20.742
21.183
21.559
22.215
21.072
20.697
24.283
22.135
21.837
80.053
79.610
20.836
80.878
81.479
79.478
22.043
21.108
21.511
20.881
20.724
24.852
21.689
21.210
21.279
21.182
83.048
78.192
22.783
82.349
80.719
20.671
79.283
21.998
24.692
21.158
22.148
22.384
21.881
21.243
20.988
85.497
23.544
24.778
78.934
80.748
20.109
22.042
20.188
23.904
21.790
81.357
20.773
78.379
21.484
79.563
22.775
78.524
22.170
79.246
22.136
22.258
82.214
21.702
21.390
21.562
21.018
21.667
21.011
20.087
80.828
20.973
21.640
22.273
80.843
79.252
81.893
20.553
20.397
21.710
80.654
20.378
22.811
20.712
81.395
79.640
79.631
21.535
22.360
21.779
23.995
21.443
25.375
92.110
24.602
24.485
85.865
23.359
21.238
21.431
22.604
21.120
19.924
20.853
21.903
80.789
22.249
78.545
21.280
20.168
82.590
84.110
22.966
22.652
21.577
22.427
21.390
21.316
20.755
24.797
21.793
22.832
22.468
20.869
79.228
79.319
83.883
78.809
22.349
22.108
21.107
78.904
83.773
21.509
79.918
22.232
21.105
20.576
21.054
22.158
23.131
80.320
21.417
20.697
78.289
81.016
81.517
20.362
23.430
22.274
22.821
25.685
22.171
21.579
80.733
80.374
22.307
21.425
22.069
21.951
21.677
23.910
21.079
22.315
92.835
21.782
21.388
21.669
27.081
25.656
82.807
24.474
25.072
21.663
22.012
20.429
23.018
21.696
79.625
21.263
20.641
21.623
22.123
24.821
79.263
79.681
78.263
20.904
79.901
82.278
21.866
80.384
79.609
79.682
88.159
81.424
21.273
21.354
21.186
79.944
78.949
23.135
25.245
22.559
24.731
85.301
21.253
22.238
21.081
25.559
21.664
81.826
82.999
21.799
79.944
21.046
23.359
24.116
82.779
82.300
22.090
88.551
26.727
82.911
80.561
81.147
20.982
20.519
22.841
30.245
23.802
23.193
22.994
21.230
82.302
20.699
26.711
21.994
82.663
23.589
21.986
21.252
23.257
82.478
20.634
21.408
21.501
21.220
84.592
78.725
24.251
80.967
79.135
22.969
79.839
80.005
21.069
83.514
21.724
21.595
20.634
21.540
21.965
21.103
23.106
21.010
80.582
20.470
21.757
78.972
21.722
23.096
80.001
78.990
22.334
21.413
79.080
20.075
22.282
21.609
22.172
22.119
21.401
79.583
21.017
22.888
21.526
83.779
84.170
24.560
88.010
81.996
19.922
22.900
23.887
21.216
20.625
20.822
20.614
83.130
79.751
79.649
21.989
23.250
20.800
81.289
22.032
21.567
79.840
23.033
81.282
21.556
23.239
79.469
22.076
22.024
79.715
23.570
82.664
23.808
21.200
21.767
21.185
21.449
21.253
21.445
81.806
21.313
21.077
81.121
79.153
21.476
20.538
23.788
80.435
21.069
21.756
83.543
81.006
20.535
24.290
80.441
22.865
21.768
20.818
21.084
21.489
88.005
25.312
24.978
24.792
24.669
88.198
83.287
24.491
22.204
83.452
22.833
21.175
21.258
80.222
23.552
21.276
21.849
79.198
79.531
21.356
23.284
24.287
21.887
20.437
21.293
78.254
21.476
22.262
20.438
22.426
79.956
21.347
80.397
22.129
20.994
22.020
23.782
21.090
21.398
21.464
21.594
21.353
21.115
25.227
20.299
79.973
22.376
77.853
21.000
78.437
24.858
79.299
21.493
21.996
21.005
20.643
20.522
26.353
79.350
21.073
80.214
86.559
20.989
21.613
22.998
21.795
22.682
23.819
24.301
23.699
21.117
94.462
22.288
21.472
79.863
21.139
21.390
21.523
22.281
81.357
79.469
81.064
21.473
21.277
79.827
24.765
21.114
22.240
79.698
23.448
21.103
20.839
20.586
23.389
21.602
79.851
79.174
80.036
20.789
23.430
22.309
81.185
78.201
21.559
20.823
20.168
22.874
21.029
79.080
22.124
21.247
21.297
21.642
21.692
80.714
79.791
21.592
20.567
23.592
85.758
84.720
21.490
78.843
80.503
80.281
20.658
24.118
22.357
20.812
21.745
78.713
21.003
20.953
21.981
23.215
84.162
25.170
24.729
23.193
23.714
24.356
83.201
80.401
22.557
81.752
21.786
21.870
22.659
22.703
79.563
22.906
21.996
21.080
78.402
20.823
22.859
21.620
21.248
21.824
21.738
20.325
21.110
21.461
81.433
21.587
21.794
79.582
20.618
81.019
81.139
20.248
21.118
22.518
79.094
21.099
20.663
24.792
23.954
21.170
23.279
81.582
79.584
20.055
21.389
22.536
21.512
80.189
21.636
20.321
21.014
20.374
81.757
20.660
22.206
22.483
79.753
21.529
21.018
24.653
21.739
21.716
79.485
21.971
21.608
25.440
97.490
23.013
22.733
24.741
89.313
24.060
85.881
99.358
24.397
23.746
85.876
21.302
89.794
21.506
24.073
80.688
20.974
21.408
22.890
78.563
20.701
23.207
21.881
21.774
80.679
78.378
21.372
20.312
23.787
20.656
21.870
22.226
20.623
79.201
20.843
23.313
78.778
80.431
21.065
21.886
21.010
22.766
23.171
79.109
82.016
22.129
22.105
21.639
23.119
25.126
81.572
78.549
79.204
20.397
78.365
23.953
21.894
21.682
82.688
24.711
22.543
21.074
22.887
24.587
23.189
22.443
23.806
24.046
22.286
24.104
22.425
86.328
21.769
79.485
21.563
78.586
23.633
24.215
20.617
21.184
21.368
21.226
78.925
20.609
83.549
21.331
78.964
22.009
21.850
79.717
21.700
24.567
21.427
79.813
21.143
21.820
20.822
20.700
20.538
80.635
21.711
82.347
20.569
79.659
22.625
24.513
77.811
21.381
79.346
78.438
21.400
22.218
23.153
22.618
93.090
89.759
25.361
84.978
20.660
22.559
21.056
23.126
79.237
21.772
20.530
20.142
24.372
78.580
21.731
79.027
79.819
20.621
20.590
25.013
78.034
23.690
77.820
22.255
20.762
20.990
23.588
79.922
21.769
22.130
78.682
21.365
82.636
21.371
21.682
23.808
20.862
79.977
21.236
20.730
23.977
21.113
79.046
22.320
21.306
78.787
20.915
23.074
21.022
78.835
79.863
20.772
22.894
20.732
81.435
78.131
81.817
21.071
78.848
22.796
80.709
79.536
21.255
21.065
20.993
21.103
20.415
22.878
22.073
84.205
82.425
21.834
81.117
83.978
21.333
79.607
22.022
21.564
21.992
23.483
25.728
94.466
21.606
79.331
78.408
20.044
20.401
82.164
79.077
80.485
20.130
20.606
20.596
22.084
22.761
20.696
22.424
81.049
20.279
20.620
78.843
22.878
79.225
22.280
79.357
20.997
21.217
20.741
80.242
21.056
21.623
79.443
20.368
21.694
80.669
21.563
22.041
21.617
79.280
20.142
21.210
21.839
23.580
21.581
79.618
21.697
21.479
80.041
82.247
20.755
21.096
22.907
85.867
20.615
21.378
81.033
20.747
79.998
22.665
77.751
79.989
19.846
24.093
21.076
22.874
22.304
21.208
80.168
78.202
80.660
79.868
20.738
20.902
21.887
79.199
82.117
20.389
21.796
23.044
22.246
20.515
80.100
81.986
21.336
21.224
80.001
21.513
79.024
20.869
24.743
78.470
21.573
25.010
78.961
80.379
21.062
81.409
21.403
79.770
20.970
22.936
21.181
21.238
22.886
21.181
82.184
21.464
21.575
80.670
84.397
80.169
21.810
23.557
79.985
21.006
77.911
24.258
20.282
20.854
20.680
25.025
21.675
21.480
24.935
100.502
24.797
24.289
22.353
79.575
20.911
85.098
20.257
20.697
21.672
21.318
21.883
20.373
21.323
23.645
78.731
78.787
20.866
79.572
21.239
20.999
24.426
20.788
20.115
23.492
22.314
21.811
80.685
23.248
78.464
21.922
21.396
20.852
21.686
78.383
24.794
82.673
21.421
22.051
21.192
21.289
94.020
26.633
22.352
22.232
24.291
20.839
78.799
20.580
21.432
24.857
21.576
83.110
20.754
19.870
21.576
21.348
23.631
78.686
20.829
79.652
20.911
79.517
78.652
22.963
21.835
21.349
20.050
19.718
78.234
79.079
81.967
21.722
83.592
80.190
20.993
22.008
23.981
21.004
78.766
78.511
21.453
21.631
79.644
23.491
20.756
79.256
81.816
78.415
80.419
22.875
24.310
23.592
22.165
79.159
20.639
21.737
25.333
79.690
22.771
22.186
21.098
79.176
78.743
23.150
84.548
21.622
83.359
82.980
80.833
84.623
79.771
79.839
20.544
20.940
21.792
21.197
22.374
80.515
79.448
22.003
21.814
21.510
22.571
92.195
24.539
81.111
22.036
22.153
20.781
21.720
24.154
21.502
22.465
21.425
21.701
79.312
20.233
81.790
20.989
21.638
22.001
80.706
77.520
20.768
23.992
79.374
79.200
21.615
21.724
20.698
20.549
23.624
21.763
21.615
21.233
20.585
79.201
20.534
23.519
79.210
81.050
24.378
23.598
81.332
80.536
21.504
21.630
80.521
26.369
21.024
21.030
84.071
20.048
22.244
22.229
20.802
78.850
20.633
20.008
22.063
21.003
22.364
22.237
20.304
78.908
23.947
81.068
78.371
21.747
21.002
21.695
22.288
78.148
23.116
22.086
79.015
20.596
77.720
78.272
22.359
22.342
80.446
22.074
21.307
20.639
80.096
81.664
82.497
80.010
82.263
79.594
80.194
80.753
79.322
79.860
80.511
83.318
86.382
21.989
81.838
22.050
20.620
21.229
80.386
23.069
86.543
80.982
80.775
78.549
20.446
22.733
21.358
23.348
79.284
78.862
20.527
21.452
24.152
21.142
85.604
23.190
21.903
23.734
21.851
20.641
80.404
80.914
79.962
19.966
79.229
82.222
22.170
21.399
79.633
78.426
22.056
78.643
24.377
20.777
26.162
22.770
22.024
21.615
20.839
21.401
25.341
23.434
23.953
24.246
24.339
82.550
21.435
23.839
79.522
79.012
22.275
20.762
78.307
21.171
22.957
79.652
80.464
78.702
78.682
79.009
21.772
20.840
21.556
22.023
78.702
78.743
81.017
22.595
79.595
81.179
20.651
21.965
21.203
23.526
20.638
81.158
79.912
19.482
20.965
21.344
23.107
79.276
78.658
20.684
82.121
78.637
23.635
20.208
20.890
25.294
82.326
19.322
21.130
82.574
21.341
21.151
22.285
21.646
21.233
20.513
78.923
22.755
21.022
80.985
83.691
81.033
79.767
23.901
21.755
21.919
21.973
20.553
22.561
21.118
21.706
81.274
21.615
22.752
21.723
20.625
20.359
22.555
23.875
78.205
78.497
21.091
21.803
22.854
21.039
24.813
22.193
21.130
20.927
79.148
78.488
20.524
23.930
20.978
21.348
82.752
25.043
24.280
23.879
24.168
27.866
88.252
22.219
100.354
20.905
78.945
24.464
20.878
21.481
22.886
21.573
20.582
20.681
78.639
81.841
20.524
80.521
21.644
79.455
77.688
22.338
79.101
21.899
22.016
21.030
21.797
21.723
81.882
23.322
21.053
79.523
21.081
84.943
23.324
24.265
22.408
79.702
79.482
78.847
20.440
20.843
24.234
21.581
21.436
20.912
19.931
21.143
19.568
24.302
20.243
79.107
20.692
21.465
21.230
79.541
86.146
21.650
22.289
22.426
21.360
20.670
78.965
24.240
78.590
19.795
22.298
78.186
79.261
21.737
22.922
20.537
21.043
79.042
20.379
83.373
21.019
23.233
81.412
23.531
77.958
78.135
78.369
84.799
83.440
22.823
23.171
83.298
81.388
25.670
22.356
22.467
21.786
21.828
21.169
83.713
21.158
81.086
82.393
79.433
21.559
20.339
20.849
82.966
20.619
81.438
79.686
78.119
81.336
23.669
79.466
79.384
78.427
82.948
91.210
84.272
22.328
20.838
79.048
78.530
22.529
23.748
21.020
21.729
22.398
22.255
22.061
27.008
83.146
83.171
92.182
21.881
20.447
20.994
79.436
81.314
23.287
21.820
21.642
22.163
78.725
20.751
20.783
23.660
79.000
80.402
20.880
21.034
21.037
20.974
22.375
20.724
22.663
22.620
20.830
78.860
78.825
21.821
21.033
21.429
21.030
22.366
78.146
78.602
25.384
21.077
22.271
22.884
22.076
78.761
79.107
22.702
82.863
79.825
20.664
79.261
20.773
83.757
79.126
21.765
20.778
21.317
21.240
80.072
23.720
21.233
20.490
22.269
21.427
22.908
22.144
20.422
22.673
21.546
21.730
22.193
21.236
79.296
20.746
23.414
21.231
22.232
20.987
23.948
24.381
23.217
81.219
24.003
82.649
22.226
20.799
81.047
20.399
21.672
81.349
20.489
21.559
77.822
22.270
77.912
23.872
77.592
21.684
23.613
22.287
21.020
20.895
20.599
24.720
81.571
20.810
78.730
21.001
20.790
82.825
22.827
21.227
21.779
21.481
20.623
78.459
80.372
21.883
20.701
20.946
81.272
92.303
24.044
90.165
20.488
80.574
79.520
21.176
21.525
21.466
82.380
21.651
21.491
21.463
20.554
20.612
21.785
24.228
20.318
21.019
22.371
21.401
80.085
21.845
20.745
84.360
21.656
79.483
21.124
79.460
20.798
24.831
84.734
83.915
20.761
20.904
80.299
20.457
81.302
20.773
79.477
21.204
78.328
21.086
81.725
21.818
21.008
21.289
20.168
78.447
19.923
20.916
80.470
20.745
79.486
80.469
20.103
21.527
24.764
22.258
79.600
78.769
20.672
21.898
77.999
84.438
21.498
22.596
80.152
21.488
21.450
21.257
81.773
21.394
21.983
22.494
20.953
79.255
21.187
25.648
81.911
82.687
21.323
22.700
22.592
21.676
23.780
20.863
21.108
80.598
78.667
20.121
20.831
24.137
20.368
21.561
81.282
78.688
21.114
21.367
23.303
78.813
79.481
20.746
21.617
78.803
82.197
21.189
78.878
78.519
20.421
20.848
21.305
81.116
21.105
80.664
79.047
78.602
77.181
24.925
22.113
94.410
86.745
90.986
20.945
87.376
91.406
79.053
80.766
21.168
21.087
25.338
20.605
22.769
79.483
80.308
20.898
21.055
25.080
78.095
23.402
22.617
79.382
78.683
21.401
82.717
78.315
79.285
79.435
21.448
21.003
23.773
91.031
21.705
79.439
22.434
20.480
21.091
23.002
21.390
79.856
21.613
20.190
83.637
78.470
23.735
80.116
84.692
21.692
21.811
21.639
24.107
26.512
82.539
79.461
79.873
79.303
21.539
24.087
20.360
22.515
78.627
21.006
21.241
83.805
82.600
24.200
81.482
80.121
22.094
79.410
23.653
21.334
21.153
23.281
78.133
80.965
21.013
23.715
21.666
21.100
20.830
21.517
19.753
79.014
19.567
80.911
82.451
83.918
21.413
21.601
21.128
25.000
20.564
80.245
21.640
78.301
20.628
79.375
23.015
20.348
20.048
22.760
78.455
83.239
20.102
23.723
22.310
21.439
21.146
20.994
21.634
19.890
20.293
83.530
24.324
25.473
97.754
22.916
78.519
24.567
21.336
81.108
22.014
80.437
79.640
78.505
22.759
79.803
23.686
21.298
21.590
20.536
78.246
22.430
22.873
85.181
82.320
20.868
20.365
21.981
80.475
21.949
21.816
21.496
78.281
20.822
21.253
22.903
22.187
82.717
77.887
79.130
20.769
23.919
78.281
22.587
21.885
79.293
79.670
82.845
79.950
21.327
21.613
78.625
78.204
24.308
83.648
22.163
21.578
21.049
21.014
20.198
77.830
82.809
20.867
21.280
79.193
83.619
21.555
84.223
80.235
22.527
22.000
21.467
22.672
20.790
20.756
22.668
21.456
21.943
78.793
79.223
23.466
80.736
21.050
21.943
21.492
20.764
79.818
21.580
21.098
24.308
20.653
79.726
79.565
22.122
20.651
20.611
80.711
78.534
77.955
21.225
20.613
20.567
22.893
78.006
79.436
21.690
78.062
78.859
23.853
21.154
79.022
79.357
91.756
83.601
28.423
86.278
78.839
22.572
77.633
22.154
78.702
81.138
20.679
22.386
21.338
20.240
19.020
21.289
23.144
21.914
21.099
80.240
20.143
19.997
78.848
23.211
19.692
80.226
21.466
78.917
20.549
78.178
22.982
22.591
21.596
79.720
82.790
20.616
21.039
22.593
79.438
21.711
22.403
21.819
21.627
78.351
22.707
79.332
78.810
21.270
21.401
20.428
89.702
21.377
21.309
22.127
21.621
21.880
21.501
21.342
23.744
21.702
22.050
80.774
20.609
21.912
22.038
20.676
22.790
21.830
78.890
80.302
21.135
20.832
21.820
23.705
82.990
81.451
21.882
21.173
87.190
83.242
79.189
21.828
80.009
21.130
20.105
21.424
22.658
78.469
21.195
20.795
21.523
78.187
82.876
79.904
21.296
22.106
79.001
80.665
20.329
82.562
20.540
21.615
21.060
19.774
20.883
20.269
80.774
20.158
91.750
27.941
22.517
21.401
78.403
22.688
80.118
21.390
21.013
21.402
20.868
77.447
23.914
79.345
22.901
21.235
20.146
21.424
21.073
81.359
85.070
24.560
24.349
23.585
23.888
24.878
26.311
21.929
24.442
26.158
81.926
22.967
23.356
93.582
87.411
84.876
25.774
88.085
24.759
24.867
29.487
23.756
23.462
25.085
21.540
21.748
78.842
81.198
20.930
21.353
78.254
79.722
78.494
20.986
22.668
79.494
21.130
21.850
21.587
78.946
21.035
79.373
21.184
21.834
21.576
20.611
79.655
81.553
20.222
21.000
79.450
81.805
20.930
79.664
23.046
78.068
22.089
21.545
22.559
78.397
86.297
22.703
23.223
22.795
22.257
22.446
21.405
21.804
23.853
21.867
80.476
24.654
22.180
79.943
20.198
81.465
22.104
80.779
21.677
21.368
25.198
23.396
23.991
20.120
20.521
94.028
20.724
79.945
20.064
24.599
21.486
21.090
22.569
20.623
79.144
20.094
21.677
81.265
20.807
22.924
21.084
20.825
79.570
80.973
20.533
21.793
24.463
78.088
20.224
21.566
19.916
23.283
78.557
21.072
21.516
79.689
83.132
91.674
80.969
84.442
78.788
19.831
78.431
81.349
21.210
80.282
22.032
21.123
21.280
20.759
22.982
20.549
79.548
22.088
21.155
80.419
78.761
82.351
20.545
22.529
21.867
21.087
20.861
21.984
80.574
79.433
21.225
20.612
21.009
79.088
82.474
78.198
20.741
21.493
79.412
20.729
22.681
23.875
20.805
80.740
78.684
79.155
22.635
77.999
82.181
79.429
82.493
21.107
20.907
23.394
24.614
79.059
21.590
21.265
21.225
21.597
79.936
81.677
24.178
23.965
23.278
81.367
82.351
84.376
21.708
21.461
21.640
21.474
21.321
20.673
21.599
81.017
20.078
20.961
21.809
79.767
79.669
21.162
23.302
79.601
21.064
80.070
79.600
20.180
82.280
21.689
80.590
82.142
79.664
20.659
20.644
22.723
21.663
79.082
80.749
20.127
19.835
21.816
81.485
21.425
22.304
21.450
20.216
20.848
77.644
24.694
78.403
79.504
80.529
79.454
81.742
20.891
21.739
79.884
95.238
86.998
24.223
85.257
21.398
79.111
21.259
20.279
80.092
21.528
22.269
79.342
21.816
21.766
20.870
21.324
85.115
23.566
21.545
23.487
22.034
21.097
20.552
20.305
25.358
78.888
79.132
21.582
22.764
20.621
20.787
23.938
20.942
22.030
21.426
79.204
22.056
21.718
20.593
23.081
21.573
21.461
22.338
20.297
22.224
79.654
24.207
21.343
79.336
79.416
21.527
20.426
82.031
23.974
80.286
21.535
21.457
79.003
20.253
80.211
22.287
21.525
22.166
21.051
21.394
23.687
21.836
25.959
22.612
80.892
79.708
20.992
21.843
80.653
83.326
21.147
21.437
78.790
20.457
20.975
23.801
81.151
21.162
22.834
20.756
78.665
78.465
21.857
22.925
21.186
22.831
79.212
79.219
21.247
20.941
80.271
22.229
20.931
20.918
78.819
21.490
21.769
22.230
79.769
81.245
22.189
21.030
21.535
20.613
21.791
20.863
22.265
20.846
78.254
21.681
20.880
24.007
20.692
88.082
24.297
22.297
20.438
89.705
25.826
22.821
83.403
80.521
79.095
21.075
21.433
24.069
78.960
78.820
22.405
20.475
22.087
21.037
22.685
22.181
21.263
22.469
20.993
21.323
20.909
21.163
23.810
79.210
22.810
21.080
79.236
77.929
24.564
78.436
80.717
21.678
80.080
84.172
82.172
79.862
20.796
21.836
20.683
79.448
21.068
81.961
22.161
78.799
22.180
21.378
21.359
81.531
21.662
21.938
21.840
21.596
79.846
23.061
20.309
22.283
22.339
21.627
78.230
20.528
21.687
20.328
23.702
21.566
78.398
80.413
24.777
23.892
21.872
25.524
21.258
22.378
23.872
79.725
80.236
21.374
25.020
21.870
20.772
23.092
22.035
80.160
22.232
20.850
22.970
22.034
79.690
21.078
78.284
20.331
22.384
23.656
21.440
79.423
78.976
77.226
20.006
82.687
79.649
79.782
22.419
77.999
80.450
82.353
22.218
21.126
20.367
21.772
78.992
20.711
24.481
78.892
21.380
21.073
21.031
19.679
23.122
21.499
22.548
80.067
80.165
20.691
20.530
20.250
20.619
23.459
20.992
22.783
23.452
83.908
21.057
79.446
24.325
22.651
22.601
21.519
20.188
20.007
21.612
20.031
22.303
90.031
24.752
23.674
22.399
85.173
21.274
22.252
20.818
79.297
23.008
20.533
21.661
20.428
23.818
21.023
79.427
23.937
25.311
22.739
21.716
25.815
23.336
21.928
79.553
77.992
21.485
77.756
81.801
20.725
21.853
79.631
79.533
79.215
81.153
21.210
79.078
78.919
21.233
79.055
27.776
21.145
20.416
81.884
20.789
20.589
77.624
24.342
22.379
78.954
22.062
21.227
20.967
24.378
23.781
24.034
21.495
23.513
82.606
21.303
23.287
21.326
24.016
20.731
21.831
80.073
21.485
21.511
21.134
21.683
23.450
20.641
22.574
21.312
20.601
22.702
23.327
81.068
79.376
23.602
24.614
20.905
79.148
20.879
82.797
20.660
20.718
78.502
21.836
79.853
20.343
23.166
22.266
79.302
80.396
79.176
81.075
80.908
78.646
22.369
80.390
20.407
20.979
24.871
82.904
24.804
22.677
21.612
20.759
82.747
25.897
22.924
85.858
79.730
21.097
20.450
82.774
24.345
78.764
20.959
21.090
78.130
20.990
21.553
80.789
21.336
80.863
22.850
78.502
79.131
81.432
78.536
79.368
21.451
20.097
21.362
81.867
21.651
79.464
21.728
77.901
20.972
79.300
23.058
22.786
21.151
21.976
78.976
20.452
20.626
25.920
21.251
21.555
21.274
81.566
21.022
19.979
20.886
23.280
21.030
20.756
79.150
20.920
21.304
23.967
82.606
79.866
23.042
78.133
21.698
20.826
20.610
23.301
21.143
83.188
81.744
21.203
80.221
83.936
21.242
79.911
79.389
20.778
79.048
21.221
82.036
21.008
21.448
78.334
20.273
80.132
23.450
21.944
79.131
22.161
78.441
21.580
22.177
23.913
21.643
21.539
22.673
21.301
21.264
80.188
82.683
21.476
79.330
21.814
99.776
20.571
78.601
22.986
21.211
22.241
79.804
20.643
21.249
79.254
22.416
77.863
80.013
21.411
20.918
78.700
21.412
23.215
78.787
22.615
21.542
79.407
82.846
23.064
78.439
21.037
21.739
79.278
78.969
86.306
97.885
85.359
21.707
20.799
79.873
81.960
21.203
80.742
85.912
82.098
21.331
78.890
22.804
21.839
21.713
79.279
21.687
79.850
20.290
22.444
21.694
21.049
79.426
79.369
78.377
23.273
20.788
22.752
79.172
21.923
23.980
21.525
22.664
80.246
20.911
22.613
21.894
21.201
20.476
79.112
22.715
21.624
21.678
81.229
22.609
80.434
23.519
83.538
21.366
83.056
21.324
21.302
21.846
21.220
24.294
21.463
21.868
22.139
22.004
80.040
23.092
23.893
21.616
20.014
78.878
20.343
78.475
20.259
81.936
20.812
22.850
21.895
21.072
19.856
21.131
22.401
80.296
21.376
82.036
22.678
20.400
20.909
81.571
20.821
21.722
22.652
20.773
81.511
20.985
20.470
22.713
20.936
22.944
78.873
21.300
79.589
80.699
86.902
25.812
22.167
21.484
22.412
22.407
24.859
26.477
97.174
23.837
21.244
21.523
78.008
20.520
24.274
20.796
80.060
21.383
20.557
21.434
78.727
81.831
81.625
78.876
21.242
21.141
20.712
83.217
22.482
22.294
79.282
21.424
21.790
21.961
81.386
20.808
80.475
79.936
79.443
20.371
21.086
22.243
79.474
20.951
79.452
20.362
21.288
21.329
23.608
77.589
23.087
21.146
79.410
20.777
20.456
23.041
20.942
21.832
21.536
20.901
19.973
79.177
23.047
23.067
21.212
23.188
20.473
22.178
79.122
24.535
22.475
20.683
20.946
20.848
21.185
21.469
78.046
83.896
24.250
82.344
22.712
82.019
21.505
21.741
81.079
21.304
80.740
21.217
79.022
20.612
82.077
21.583
79.075
21.434
78.768
79.834
23.794
79.281
78.723
20.972
20.951
79.135
21.038
23.821
20.940
23.203
22.553
79.324
21.479
21.438
22.978
21.162
22.072
21.556
21.295
19.971
23.823
20.629
22.088
78.411
79.992
78.815
78.655
20.811
81.311
22.380
21.640
79.955
21.173
21.151
77.840
81.965
79.069
80.160
21.827
22.131
22.147
24.478
21.289
20.457
78.590
78.243
21.196
78.435
24.044
20.414
22.679
21.041
77.808
21.168
21.568
24.178
22.015
83.209
22.406
22.794
23.867
80.001
25.469
78.424
21.162
21.670
21.774
82.159
22.817
22.763
82.689
21.295
22.319
21.397
20.697
79.271
21.476
24.680
20.485
79.478
21.191
20.808
20.364
81.087
20.930
21.647
21.782
21.754
21.242
20.598
79.171
81.584
25.365
23.914
22.207
77.755
22.209
82.032
21.497
78.974
84.965
21.839
23.214
80.865
82.083
22.130
80.279
21.112
21.296
22.231
22.334
82.687
21.078
21.927
79.479
21.004
21.097
20.854
83.178
20.388
20.982
22.890
78.468
20.648
79.862
22.969
21.017
21.625
20.796
78.858
78.424

doc_sizes_kb

summary
operation_type,thread_count,total_throughput_ops_per_sec,running_time_sec,total_ops
read,2,46969402606.05,212.90,10000
